#Annotated with Bakta v1.5.0, https://github.com/oschwengers/bakta
#Database v4.0, https://doi.org/10.5281/zenodo.4247252
#Sequence Id	Start	Stop	Strand	Locus Tag	Mol Weight [kDa]	Iso El. Point	Pfam hits	Dbxrefs
contig_1	26248	26574	+	CFLALH_00120	12.4	9.5		RefSeq:WP_014458080.1, SO:0001217, UniParc:UPI000229A039, UniRef:UniRef100_A0A0L1M9W4, UniRef:UniRef50_A0A0L1M9W4, UniRef:UniRef90_A0A0L1M9W4
contig_1	33062	33268	-	CFLALH_00160	8.1	9.3		RefSeq:WP_013059387.1, SO:0001217, UniParc:UPI0001D056DD, UniRef:UniRef100_A0A109GCX1, UniRef:UniRef50_A0A109GCX1, UniRef:UniRef90_A0A109GCX1
contig_1	76441	76635	+	CFLALH_00345	7.0	7.9		RefSeq:WP_047932168.1, SO:0001217, UniParc:UPI00064C81E0, UniRef:UniRef100_A0A6M6DT23, UniRef:UniRef50_D5DLK8, UniRef:UniRef90_A0A0B6AWP2
contig_1	123593	123784	-	CFLALH_00590	6.8	7.8		SO:0001217, UniParc:UPI000506B362, UniRef:UniRef100_A0A1I2Q4Q5, UniRef:UniRef50_A0A1I2Q4Q5, UniRef:UniRef90_A0A1I2Q4Q5
contig_1	135644	135835	+	CFLALH_00650	7.2	4.4		RefSeq:WP_013059292.1, SO:0001217, UniParc:UPI0001D05595, UniRef:UniRef100_A0A109GCN7, UniRef:UniRef50_A0A410D9W3, UniRef:UniRef90_A0A109GCN7
contig_1	156553	156702	+	CFLALH_00770	5.6	5.3		RefSeq:WP_013085077.1, SO:0001217, UniParc:UPI0001D10342, UniRef:UniRef100_A0A1I2Q5E3, UniRef:UniRef50_D5DSY2, UniRef:UniRef90_D5DSY2
contig_1	187266	187727	+	CFLALH_00940	17.8	10.2		RefSeq:WP_047932591.1, SO:0001217, UniParc:UPI00064CB224, UniRef:UniRef100_UPI00064CB224, UniRef:UniRef50_D5DMN4, UniRef:UniRef90_D5DMN4
contig_1	213020	213385	+	CFLALH_01085	13.3	5.4		RefSeq:WP_013059205.1, SO:0001217, UniParc:UPI0001D0543D, UniRef:UniRef100_A0A109FYJ5, UniRef:UniRef50_A0A7U3YDQ7, UniRef:UniRef90_A0A109FYJ5
contig_1	217354	217521	+	CFLALH_01110	6.5	9.1		SO:0001217, UniRef:UniRef50_A0A0B6AL00, UniRef:UniRef90_A0A0B6AL00
contig_1	232347	232523	+	CFLALH_01200	6.9	12.0		RefSeq:WP_013059186.1, SO:0001217, UniParc:UPI0001D053AC, UniRef:UniRef100_A0A1I2PT17, UniRef:UniRef50_A0A0M0KZ71, UniRef:UniRef90_A0A0B6AKZ5
contig_1	256389	256787	-	CFLALH_01340	15.3	11.0		RefSeq:WP_013059160.1, SO:0001217, UniParc:UPI0001D05393, UniRef:UniRef100_A0A109FZ38, UniRef:UniRef50_A0A109FZ38, UniRef:UniRef90_A0A109FZ38
contig_1	312097	312309	+	CFLALH_01620	8.1	5.2		RefSeq:WP_013084958.1, SO:0001217, UniParc:UPI0001D0FEAE, UniRef:UniRef100_A0A1Q8V0S2, UniRef:UniRef50_D3FRV4, UniRef:UniRef90_A0A0L1MCX4
contig_1	312715	312894	+	CFLALH_01625	7.1	9.7		SO:0001217, UniParc:UPI0005076E9D, UniRef:UniRef100_A0A1Q8V0R6, UniRef:UniRef50_A0A2A8T2T6, UniRef:UniRef90_A0A2A8T2T6
contig_1	367717	368091	+	CFLALH_01930	14.0	9.3		RefSeq:WP_047932131.1, SO:0001217, UniParc:UPI00064C8C0E, UniRef:UniRef100_A0A6M6DQI8, UniRef:UniRef50_A0A0L1MDT8, UniRef:UniRef90_A0A0L1MDT8
contig_1	415149	415535	+	CFLALH_02190	14.3	8.5		RefSeq:WP_047930809.1, SO:0001217, UniParc:UPI00064C88EF, UniRef:UniRef100_UPI00064C88EF, UniRef:UniRef50_D5DJW3, UniRef:UniRef90_D5DJW3
contig_1	416088	416402	-	CFLALH_02200	12.4	9.3		RefSeq:WP_016765456.1, SO:0001217, UniParc:UPI0003723579, UniRef:UniRef100_A0A1I2PKZ2, UniRef:UniRef50_A0A0L1M315, UniRef:UniRef90_A0A0L1M315
contig_2	220	1092	+	CFLALH_02255	33.6	7.1		RefSeq:WP_047933049.1, SO:0001217, UniParc:UPI00064C6678, UniRef:UniRef100_A0A6M6DZ48, UniRef:UniRef50_D5DBN0, UniRef:UniRef90_D5DBN0
contig_2	14155	14349	-	CFLALH_02325	7.4	4.1		RefSeq:WP_013056022.1, SO:0001217, UniParc:UPI0001D04B70, UniRef:UniRef100_A0A109G0Q0, UniRef:UniRef50_A0A0M0LHM8, UniRef:UniRef90_A0A109G0Q0
contig_2	21422	21715	-	CFLALH_02360	10.0	8.6		RefSeq:WP_013082274.1, SO:0001217, UniParc:UPI0001D0F5D9, UniRef:UniRef100_A0A1I2SUP7, UniRef:UniRef50_A0A1I2SUP7, UniRef:UniRef90_A0A1I2SUP7
contig_2	49465	49707	+	CFLALH_02505	9.2	9.2		RefSeq:WP_016763437.1, SO:0001217, UniParc:UPI00037EF1AB, UniRef:UniRef100_A0A0L1M4C1, UniRef:UniRef50_A0A0L1M4C1, UniRef:UniRef90_A0A0L1M4C1
contig_2	55289	55474	+	CFLALH_02540	7.4	8.8		RefSeq:WP_013056063.1, SO:0001217, UniParc:UPI0001D04C17, UniRef:UniRef100_A0A109G163, UniRef:UniRef50_A0A150N9R0, UniRef:UniRef90_A0A109G163
contig_2	76146	76505	-	CFLALH_02645	13.9	5.6	PF08868.13|YugN	PFAM:PF08868.13, RefSeq:WP_013056084.1, SO:0001217, UniParc:UPI0001D04C2C, UniRef:UniRef100_A0A120EHB0, UniRef:UniRef50_A0A0K9GRR1, UniRef:UniRef90_A0A120EHB0
contig_2	98424	98915	+	CFLALH_02765	19.6	9.2		RefSeq:WP_047930944.1, SO:0001217, UniParc:UPI00064C5295, UniRef:UniRef100_UPI00064C5295, UniRef:UniRef50_D5E0H0, UniRef:UniRef90_D5E0H0
contig_2	103538	103639	-	CFLALH_02785	3.7	10.0		SO:0001217, UniParc:UPI000368B771, UniRef:UniRef100_A0A1I2T068, UniRef:UniRef50_A0A1I2T068, UniRef:UniRef90_A0A1I2T068
contig_2	103867	104121	+	CFLALH_02790	9.9	4.7		RefSeq:WP_047930941.1, SO:0001217, UniParc:UPI00064C9811, UniRef:UniRef100_UPI00064C9811, UniRef:UniRef50_D5DBY6, UniRef:UniRef90_D5DBY6
contig_2	104793	104963	-	CFLALH_02800	6.2	8.1		RefSeq:WP_013082336.1, SO:0001217, UniParc:UPI0001D0F7B3, UniRef:UniRef100_A0A1I2T8B0, UniRef:UniRef50_A0A1N6XHJ2, UniRef:UniRef90_A0A897H1I3
contig_2	105958	106104	-	CFLALH_02815	5.5	9.6		RefSeq:WP_016763466.1, SO:0001217, UniParc:UPI000349F697, UniRef:UniRef100_A0A0B6ARC1, UniRef:UniRef50_A0A0B6ARC1, UniRef:UniRef90_A0A0B6ARC1
contig_2	106251	106424	-	CFLALH_02820	6.6	11.9		
contig_2	112668	112934	-	CFLALH_02850	10.1	6.9		RefSeq:WP_013082344.1, SO:0001217, UniParc:UPI0001D0F7BB, UniRef:UniRef100_A0A1I2T183, UniRef:UniRef50_A0A1I2T183, UniRef:UniRef90_A0A1I2T183
contig_2	116313	116480	+	CFLALH_02870	6.4	4.9		RefSeq:WP_013056129.1, SO:0001217, UniParc:UPI0001D04D3C, UniRef:UniRef100_A0A1I2T461, UniRef:UniRef50_D5DD33, UniRef:UniRef90_D5DD33
contig_2	117076	117252	+	CFLALH_02880	7.1	9.5		RefSeq:WP_162837670.1, SO:0001217, UniParc:UPI000502DBE9, UniRef:UniRef100_A0A0B6AIK5, UniRef:UniRef50_C0ZB01, UniRef:UniRef90_A0A0J6PJ37
contig_2	133034	133528	+	CFLALH_02965	19.4	10.3		RefSeq:WP_233335081.1, SO:0001217, UniParc:UPI001E381C99, UniRef:UniRef100_UPI001E381C99, UniRef:UniRef50_D5E1C4, UniRef:UniRef90_D5E1C4
contig_2	138035	138214	+	CFLALH_02990	6.8	4.7		RefSeq:WP_016763491.1, SO:0001217, UniParc:UPI0003811D6E, UniRef:UniRef100_A0A1Q8URP0, UniRef:UniRef50_A0A2A9XW27, UniRef:UniRef90_A0A0L1LNC5
contig_2	148785	148877	+	CFLALH_03040	3.2	9.4		SO:0001217, UniParc:UPI00035CC9F0, UniRef:UniRef100_A0A897HCA9, UniRef:UniRef50_A0A897HCA9, UniRef:UniRef90_A0A897HCA9
contig_2	157427	157714	+	CFLALH_03100	10.9	6.3		RefSeq:WP_013082386.1, SO:0001217, UniParc:UPI0001D0F8C8, UniRef:UniRef100_A0A1I2T596, UniRef:UniRef50_A0A0M0LI65, UniRef:UniRef90_A0A2A8SRF2
contig_2	174700	175251	+	CFLALH_03165	21.4	5.7		RefSeq:WP_013056190.1, SO:0001217, UniParc:UPI0001D04DEC, UniRef:UniRef100_A0A109G7F1, UniRef:UniRef50_A0A109G7F1, UniRef:UniRef90_A0A109G7F1
contig_2	180090	180182	+	CFLALH_03190	3.3	5.8		SO:0001217, UniParc:UPI00036AAF8B, UniRef:UniRef100_A0A1I2T757, UniRef:UniRef50_A0A806TY79, UniRef:UniRef90_A0A806TY79
contig_2	180197	180514	+	CFLALH_03195	12.0	9.5		RefSeq:WP_013056195.1, SO:0001217, UniParc:UPI0001D04DF1, UniRef:UniRef100_A0A120EFZ9, UniRef:UniRef50_A0A120EFZ9, UniRef:UniRef90_A0A120EFZ9
contig_2	262583	262819	-	CFLALH_03575	9.2	6.9		RefSeq:WP_034653238.1, SO:0001217, UniParc:UPI000505A237, UniRef:UniRef100_A0A6M6DYG4, UniRef:UniRef50_A0A2C5HKG1, UniRef:UniRef90_A0A6M6DYG4
contig_2	265158	265298	+	CFLALH_03590	5.2	8.1		RefSeq:WP_013082476.1, SO:0001217, UniParc:UPI0001D0FBE0, UniRef:UniRef100_A0A806TPP4, UniRef:UniRef50_A0A327YC62, UniRef:UniRef90_A0A1I2YRQ0
contig_2	267616	267756	+	CFLALH_03605	5.0	9.9		RefSeq:WP_013082478.1, SO:0001217, UniParc:UPI0001D0FBE2, UniRef:UniRef100_A0A1I2YRU1, UniRef:UniRef50_D5E2H8, UniRef:UniRef90_D5E2H8
contig_2	268184	268600	+	CFLALH_03610	15.9	4.8		RefSeq:WP_047930866.1, SO:0001217, UniParc:UPI00064CAA62, UniRef:UniRef100_UPI00064CAA62, UniRef:UniRef50_A0A3E2J8G0, UniRef:UniRef90_D5E2H9
contig_2	272157	272378	+	CFLALH_03635	8.5	4.5		RefSeq:WP_016763596.1, SO:0001217, UniParc:UPI0003492B86, UniRef:UniRef100_A0A1Q8URA9, UniRef:UniRef50_D5DC31, UniRef:UniRef90_D5DC31
contig_2	272537	272737	+	CFLALH_03640	7.2	8.7		RefSeq:WP_016763597.1, SO:0001217, UniParc:UPI00034C1469, UniRef:UniRef100_A0A1I2YUX5, UniRef:UniRef50_D5DC32, UniRef:UniRef90_D5DC32
contig_2	291817	292125	+	CFLALH_03710	11.9	4.9	PF18681.4|DUF5634	PFAM:PF18681.4, RefSeq:WP_034653211.1, SO:0001217, UniParc:UPI000505171F, UniRef:UniRef100_A0A0B6AEH4, UniRef:UniRef50_A0A0B6AEH4, UniRef:UniRef90_A0A0B6AEH4
contig_2	292748	292900	+	CFLALH_03715	6.0	10.2		SO:0001217, UniParc:UPI0005079004, UniRef:UniRef100_A0A1I2YSM8, UniRef:UniRef50_A0A806UC11, UniRef:UniRef90_A0A8D4BLJ1
contig_2	293773	293964	+	CFLALH_03725	7.1	10.1		RefSeq:WP_047930857.1, SO:0001217, UniParc:UPI00064CB811, UniRef:UniRef100_A0A6M6DZY9, UniRef:UniRef50_A0A0L1M6I4, UniRef:UniRef90_A0A0L1M6I4
contig_3	25365	25874	-	CFLALH_03855	19.9	9.8	PF13518.9|HTH_28	PFAM:PF13518.9, SO:0001217, UniParc:UPI00068245EF, UniRef:UniRef100_A0A0L1LIH3, UniRef:UniRef50_A0A2S1LZK0, UniRef:UniRef90_A0A0L1LIH3
contig_3	49280	49432	-	CFLALH_03955	5.7	10.0		RefSeq:WP_013055382.1, SO:0001217, UniParc:UPI0001D04ACF, UniRef:UniRef100_A0A1I2RKF4, UniRef:UniRef50_A0A0C2RVL5, UniRef:UniRef90_A0A1N6YJB6
contig_3	65439	65690	+	CFLALH_04025	9.7	4.6		RefSeq:WP_014461601.1, SO:0001217, UniParc:UPI0002299D4F, UniRef:UniRef100_A0A120EEQ8, UniRef:UniRef50_A0A120EEQ8, UniRef:UniRef90_A0A120EEQ8
contig_3	73320	73520	-	CFLALH_04070	7.9	8.1		RefSeq:WP_016763038.1, SO:0001217, UniParc:UPI00030D943D, UniRef:UniRef100_A0A109G3D8, UniRef:UniRef50_A0A109G3D8, UniRef:UniRef90_A0A109G3D8
contig_3	106081	106260	-	CFLALH_04210	6.6	10.6		RefSeq:WP_013055431.1, SO:0001217, UniParc:UPI0001D04B5C, UniRef:UniRef100_A0A1Q8UL82, UniRef:UniRef50_A0A1Q8UL82, UniRef:UniRef90_A0A1Q8UL82
contig_3	117251	117799	+	CFLALH_04275	21.2	5.9		
contig_3	118260	119093	-	CFLALH_04285	32.3	6.7		RefSeq:WP_047930998.1, SO:0001217, UniParc:UPI00064CA559, UniRef:UniRef100_UPI00064CA559, UniRef:UniRef50_D5DAM1, UniRef:UniRef90_D5DAM1
contig_3	119232	119963	-	CFLALH_04290	27.4	4.5		RefSeq:WP_013081780.1, SO:0001217, UniParc:UPI0001D0F6BB, UniRef:UniRef100_D5DAM2, UniRef:UniRef50_D5DAM2, UniRef:UniRef90_D5DAM2
contig_3	120225	120611	+	CFLALH_04295	15.5	6.0		RefSeq:WP_047930997.1, SO:0001217, UniParc:UPI00064CC7D5, UniRef:UniRef100_UPI00064CC7D5, UniRef:UniRef50_A0A2C0PC23, UniRef:UniRef90_A0A2C0PC23
contig_3	120679	120849	+	CFLALH_04300	6.4	9.6		RefSeq:WP_162837671.1, SO:0001217, UniParc:UPI00031652E0, UniRef:UniRef100_UPI00031652E0, UniRef:UniRef50_A0A0B6ALE0, UniRef:UniRef90_UPI00031652E0
contig_3	120911	121090	+	CFLALH_04305	7.4	5.0		RefSeq:WP_047930996.1, SO:0001217, UniParc:UPI00064CC256, UniRef:UniRef100_UPI001F3E3763, UniRef:UniRef50_A0A1Q8ULA2, UniRef:UniRef90_A0A0L1M4T7
contig_3	125633	125884	+	CFLALH_04330	9.7	10.0		RefSeq:WP_047930994.1, SO:0001217, UniParc:UPI00064C580C, UniRef:UniRef100_UPI00064C580C, UniRef:UniRef50_D5DAM8, UniRef:UniRef90_D5DAM8
contig_3	128955	129341	-	CFLALH_04355	14.8	6.6		SO:0001217, UniRef:UniRef50_D5DAW1, UniRef:UniRef90_D5DAW1
contig_3	157280	157714	-	CFLALH_04500	17.1	6.9		RefSeq:WP_016763097.1, SO:0001217, UniParc:UPI00036E8D15, UniRef:UniRef100_A0A1I2RVS1, UniRef:UniRef50_A0A0L1M6E7, UniRef:UniRef90_A0A0L1M6E7
contig_3	178942	179121	-	CFLALH_04580	6.6	11.0		RefSeq:WP_013055499.1, SO:0001217, UniParc:UPI0001D04C92, UniRef:UniRef100_A0A1Q8ULF6, UniRef:UniRef50_A0A0B4RAQ2, UniRef:UniRef90_A0A1Q8ULF6
contig_3	198458	198700	+	CFLALH_04665	8.4	6.2		RefSeq:WP_233335014.1, SO:0001217, UniParc:UPI001E2D9B44, UniRef:UniRef100_UPI001E2D9B44, UniRef:UniRef50_UPI001E2D9B44, UniRef:UniRef90_UPI001E2D9B44
contig_3	203553	203996	+	CFLALH_04685	17.1	5.6		RefSeq:WP_016763123.1, SO:0001217, UniParc:UPI0003462E40, UniRef:UniRef100_A0A0B6AQM8, UniRef:UniRef50_D5DB24, UniRef:UniRef90_D5DB24
contig_3	214872	215066	+	CFLALH_04740	6.7	9.8		RefSeq:WP_013055532.1, SO:0001217, UniParc:UPI0001D04D2E, UniRef:UniRef100_A0A2A8T6H4, UniRef:UniRef50_A0A2A8T6H4, UniRef:UniRef90_A0A2A8T6H4
contig_3	232234	232548	-	CFLALH_04825	11.2	4.1		RefSeq:WP_047932373.1, SO:0001217, UniParc:UPI00064C782B, UniRef:UniRef100_UPI00064C782B, UniRef:UniRef50_A0A6B3RDC9, UniRef:UniRef90_UPI00064C782B
contig_3	236173	236355	-	CFLALH_04850	6.9	9.8	PF08863.13|YolD	PFAM:PF08863.13, RefSeq:WP_013081873.1, SO:0001217, UniParc:UPI0001D0F9B0, UniRef:UniRef100_A0A1Q8ULD5, UniRef:UniRef50_A0A0J1IEU6, UniRef:UniRef90_A0A1Q8ULD5
contig_3	240986	241237	+	CFLALH_04875	9.7	9.5		RefSeq:WP_047932370.1, SO:0001217, UniParc:UPI00064C5ABC, UniRef:UniRef100_UPI00064C5ABC, UniRef:UniRef50_A0A3D8X0R3, UniRef:UniRef90_A0A1I2S5W1
contig_3	241525	242088	+	CFLALH_04880	21.7	9.1		RefSeq:WP_047932369.1, SO:0001217, UniParc:UPI00064C9CB3, UniRef:UniRef100_A0A0L1M5E7, UniRef:UniRef50_D5DB62, UniRef:UniRef90_D5DB62
contig_4	24	206	+	CFLALH_05040	6.7	6.5		
contig_4	10984	11142	+	CFLALH_05085	5.8	7.8		RefSeq:WP_013084700.1, SO:0001217, UniParc:UPI0001D0F582, UniRef:UniRef100_A0A1I2P2K1, UniRef:UniRef50_A0A1I2P2K1, UniRef:UniRef90_A0A1I2P2K1
contig_4	22276	22437	+	CFLALH_05150	6.4	6.6		RefSeq:WP_013084692.1, SO:0001217, UniParc:UPI0001D0F4B6, UniRef:UniRef100_D5DJH4, UniRef:UniRef50_D5DJH4, UniRef:UniRef90_D5DJH4
contig_4	22427	22852	+	CFLALH_05155	16.4	9.2		RefSeq:WP_016765317.1, SO:0001217, UniParc:UPI0003733FC7, UniRef:UniRef100_A0A1I2NUX4, UniRef:UniRef50_A0A2C5HS59, UniRef:UniRef90_A0A2C5HS59
contig_4	38134	38820	+	CFLALH_05230	26.8	4.7		RefSeq:WP_013058721.1, SO:0001217, UniParc:UPI0001D05607, UniRef:UniRef100_A0A109FZV4, UniRef:UniRef50_A0A223KY60, UniRef:UniRef90_A0A109FZV4
contig_4	42408	42527	+	CFLALH_05255	4.6	9.5		SO:0001217, UniParc:UPI0001D05601, UniRef:UniRef100_A0A1I2P1D0, UniRef:UniRef50_A0A1I2P1D0, UniRef:UniRef90_A0A1I2P1D0
contig_4	43454	43777	+	CFLALH_05265	12.6	7.9		RefSeq:WP_013058713.1, SO:0001217, UniParc:UPI0001D055FF, UniRef:UniRef100_A0A109FZU5, UniRef:UniRef50_A0A0M0LID6, UniRef:UniRef90_A0A109FZU5
contig_4	43829	43981	-	CFLALH_05270	5.8	9.8		RefSeq:WP_013058712.1, SO:0001217, UniParc:UPI0001D055FE, UniRef:UniRef100_A0A1I2NUI2, UniRef:UniRef50_A0A6F8TSY2, UniRef:UniRef90_D5DJF0
contig_4	48642	49187	+	CFLALH_05290	20.3	9.2		RefSeq:WP_013084671.1, SO:0001217, UniParc:UPI0001D0F4A1, UniRef:UniRef100_A0A1I2NU65, UniRef:UniRef50_A0A2B0B5Z4, UniRef:UniRef90_A0A2B0B5Z4
contig_4	54305	54577	+	CFLALH_05320	10.8	6.4		RefSeq:WP_013058702.1, SO:0001217, UniParc:UPI0001D05586, UniRef:UniRef100_A0A109FZU4, UniRef:UniRef50_A0A109FZU4, UniRef:UniRef90_A0A109FZU4
contig_4	66359	66727	+	CFLALH_05395	14.4	9.6		RefSeq:WP_047930716.1, SO:0001217, UniParc:UPI00064C7F50, UniRef:UniRef100_UPI00064C7F50, UniRef:UniRef50_A0A0V8JIN4, UniRef:UniRef90_A0A0L1MBU9
contig_4	71039	71164	+	CFLALH_05420	4.9	4.5		SO:0001217, UniParc:UPI00030950A9, UniRef:UniRef100_A0A1I2NU20, UniRef:UniRef50_A0A1I2NU20, UniRef:UniRef90_A0A1I2NU20
contig_4	71612	71737	+	CFLALH_05425	4.7	5.4		SO:0001217, UniParc:UPI0001D05571, UniRef:UniRef100_A0A1I2NYX4, UniRef:UniRef50_A0A1I2NYX4, UniRef:UniRef90_A0A1I2NYX4
contig_4	74579	74722	-	CFLALH_05445	5.1	8.4		RefSeq:WP_013058677.1, SO:0001217, UniParc:UPI0001D0556D, UniRef:UniRef100_A0A1I2NXS0, UniRef:UniRef50_A0A1I2NXS0, UniRef:UniRef90_A0A1I2NXS0
contig_4	81655	82107	+	CFLALH_05480	17.7	9.0		RefSeq:WP_047930711.1, SO:0001217, UniParc:UPI00064C8064, UniRef:UniRef100_A0A6M6DRI7, UniRef:UniRef50_D5DJA7, UniRef:UniRef90_D5DJA7
contig_4	94966	95406	+	CFLALH_05540	16.9	9.6		RefSeq:WP_013084629.1, SO:0001217, UniParc:UPI0001D10332, UniRef:UniRef100_A0A1I2NQF2, UniRef:UniRef50_A0A0L1MBK1, UniRef:UniRef90_A0A0L1MBK1
contig_4	95947	96243	-	CFLALH_05550	10.3	6.5		RefSeq:WP_016765260.1, SO:0001217, UniParc:UPI0003459399, UniRef:UniRef100_A0A6M6DMY5, UniRef:UniRef50_D5DJ92, UniRef:UniRef90_D5DJ92
contig_4	96536	96874	+	CFLALH_05555	13.6	4.9		RefSeq:WP_013084626.1, SO:0001217, UniParc:UPI0001D1032F, UniRef:UniRef100_D5DJ91, UniRef:UniRef50_D5DJ91, UniRef:UniRef90_D5DJ91
contig_4	103218	103328	-	CFLALH_05595	4.7	8.1		SO:0001217, UniParc:UPI0006719232, UniRef:UniRef100_A0A8D4BIJ6, UniRef:UniRef50_A0A1I1MY23, UniRef:UniRef90_A0A8D4BIJ6
contig_4	107509	108147	+	CFLALH_05625	24.0	6.4		RefSeq:WP_013084613.1, SO:0001217, UniParc:UPI0001D10322, UniRef:UniRef100_D5DJ78, UniRef:UniRef50_D5DJ78, UniRef:UniRef90_D5DJ78
contig_4	125225	125620	+	CFLALH_05705	15.1	9.2		RefSeq:WP_016765232.1, SO:0001217, UniParc:UPI0003491BEA, UniRef:UniRef100_A0A1Q8UZG2, UniRef:UniRef50_D5DKN6, UniRef:UniRef90_D5DKN6
contig_4	146695	147369	+	CFLALH_05800	25.8	5.0		RefSeq:WP_047930678.1, SO:0001217, UniParc:UPI00064C545A, UniRef:UniRef100_A0A6M6DVL5, UniRef:UniRef50_A0A5B8Q072, UniRef:UniRef90_A0A5B8Q072
contig_4	161722	162222	+	CFLALH_05880	19.3	6.9		RefSeq:WP_034649553.1, SO:0001217, UniParc:UPI000507D416, UniRef:UniRef100_A0A1I2NTM3, UniRef:UniRef50_D5DKK7, UniRef:UniRef90_D5DKK7
contig_4	167764	168939	-	CFLALH_05900	44.5	5.0		SO:0001217, UniRef:UniRef50_D5DP22, UniRef:UniRef90_D5DP22
contig_4	175941	176078	+	CFLALH_05945	5.0	9.7		
contig_4	176472	176672	+	CFLALH_05955	7.0	4.3		RefSeq:WP_013084559.1, SO:0001217, UniParc:UPI0001D101F2, UniRef:UniRef100_A0A1Q8UYZ9, UniRef:UniRef50_A0A1X7FWK6, UniRef:UniRef90_A0A2S1EUR2
contig_4	185478	185603	+	CFLALH_06005	4.4	6.5		SO:0001217, UniParc:UPI0003198FEA, UniRef:UniRef100_A0A1I2NR29, UniRef:UniRef50_A0A1N6TR28, UniRef:UniRef90_A0A1I2NR29
contig_4	199272	199880	+	CFLALH_06075	23.9	4.7		RefSeq:WP_013084537.1, SO:0001217, UniParc:UPI0001D100D8, UniRef:UniRef100_A0A1Q8UYY2, UniRef:UniRef50_D5E371, UniRef:UniRef90_A0A0B6AZ76
contig_4	200017	200277	+	CFLALH_06080	10.0	5.3		RefSeq:WP_016765166.1, SO:0001217, UniParc:UPI000346418E, UniRef:UniRef100_A0A120ECC0, UniRef:UniRef50_A0A120ECC0, UniRef:UniRef90_A0A120ECC0
contig_4	200572	200910	+	CFLALH_06085	12.6	5.0		RefSeq:WP_047930650.1, SO:0001217, UniParc:UPI00064C7294, UniRef:UniRef100_A0A6M6DN63, UniRef:UniRef50_A0A0B6AEI6, UniRef:UniRef90_A0A0B6AEI6
contig_4	203281	203562	-	CFLALH_06100	10.5	8.7		RefSeq:WP_028414975.1, SO:0001217, UniParc:UPI0003A6AE4E, UniRef:UniRef100_A0A5Q0DBL5, UniRef:UniRef50_D5DKG5, UniRef:UniRef90_D5DKG5
contig_4	203649	203837	-	CFLALH_06105	7.0	11.5		RefSeq:WP_034649626.1, SO:0001217, UniParc:UPI00050899B2, UniRef:UniRef100_A0A6M6DRY6, UniRef:UniRef50_D5DKG4, UniRef:UniRef90_D5DKG4
contig_4	203960	204256	+	CFLALH_06110	10.3	9.9		RefSeq:WP_047930649.1, SO:0001217, UniParc:UPI00064C72D6, UniRef:UniRef100_A0A6M6DXT5, UniRef:UniRef50_D5DKG3, UniRef:UniRef90_D5DKG3
contig_4	209083	209241	+	CFLALH_06145	5.9	7.9		RefSeq:WP_162267401.1, SO:0001217, UniParc:UPI00050451E1, UniRef:UniRef100_A0A6M6DMY8, UniRef:UniRef50_A0A6M6DMY8, UniRef:UniRef90_A0A6M6DMY8
contig_4	211256	211423	+	CFLALH_06165	6.1	9.6		RefSeq:WP_013084520.1, SO:0001217, UniParc:UPI0001D100C7, UniRef:UniRef100_D5DKF1, UniRef:UniRef50_D5DKF1, UniRef:UniRef90_D5DKF1
contig_4	212202	212447	-	CFLALH_06175	9.9	4.7		RefSeq:WP_013058531.1, SO:0001217, UniParc:UPI0001D052DE, UniRef:UniRef100_A0A2B3VP50, UniRef:UniRef50_A0A2S1EUM3, UniRef:UniRef90_A0A2S1EUM3
contig_4	223296	223445	+	CFLALH_06240	5.6	7.6		SO:0001217, UniRef:UniRef50_A0A0B4RFB6, UniRef:UniRef90_A0A0B6AK12
contig_4	224847	224999	+	CFLALH_06250	5.9	7.9		RefSeq:WP_162837666.1, SO:0001217, UniParc:UPI000AAE642F, UniRef:UniRef100_UPI000AAE642F, UniRef:UniRef50_D5DKD2, UniRef:UniRef90_D5DKD2
contig_4	233579	234253	-	CFLALH_06295	25.4	9.2		RefSeq:WP_047930631.1, SO:0001217, UniParc:UPI00064CAE2A, UniRef:UniRef100_UPI00064CAE2A, UniRef:UniRef50_D5DJ72, UniRef:UniRef90_A0A0B6AXF0
contig_4	236729	237157	-	CFLALH_06320	16.9	8.0		RefSeq:WP_034649688.1, SO:0001217, UniParc:UPI0005006C77, UniRef:UniRef100_A0A6M6DYD0, UniRef:UniRef50_D5DJ68, UniRef:UniRef90_D5DJ68
contig_4	243299	243541	-	CFLALH_06360	9.1	4.9		RefSeq:WP_047930627.1, SO:0001217, UniParc:UPI00064C69DE, UniRef:UniRef100_A0A6M6DVW6, UniRef:UniRef50_D5DJ60, UniRef:UniRef90_A0A0B6AMF3
contig_4	243693	244376	+	CFLALH_06365	26.8	4.6		RefSeq:WP_211186124.1, SO:0001217, UniParc:UPI000AFEA368, UniRef:UniRef100_UPI000AFEA368, UniRef:UniRef50_D5E309, UniRef:UniRef90_A0A0L1LJE8
contig_4	244482	244643	-	CFLALH_06370	6.1	5.1		RefSeq:WP_162837665.1, SO:0001217, UniParc:UPI0013BE8B77, UniRef:UniRef100_UPI0013BE8B77, UniRef:UniRef50_D5DJ57, UniRef:UniRef90_D5DJ57
contig_4	251113	251481	+	CFLALH_06405	14.0	6.3		RefSeq:WP_047930623.1, SO:0001217, UniParc:UPI00064C8F47, UniRef:UniRef100_A0A6M6DXY6, UniRef:UniRef50_D5DJ49, UniRef:UniRef90_D5DJ49
contig_5	111598	112215	+	CFLALH_06940	23.5	5.4		RefSeq:WP_047930782.1, SO:0001217, UniParc:UPI00064C66C6, UniRef:UniRef100_A0A6M6DM46, UniRef:UniRef50_D5DL09, UniRef:UniRef90_D5DL09
contig_5	131723	132250	+	CFLALH_07050	20.2	5.5		RefSeq:WP_047930772.1, SO:0001217, UniParc:UPI00064CCA5E, UniRef:UniRef100_UPI00064CCA5E, UniRef:UniRef50_A0A0L1M2H4, UniRef:UniRef90_A0A0L1M2H4
contig_5	214466	215911	-	CFLALH_07405	56.5	6.5		RefSeq:WP_047930757.1, SO:0001217, UniParc:UPI00064CB012, UniRef:UniRef100_UPI00064CB012, UniRef:UniRef50_D5DQ04, UniRef:UniRef90_D5DQ04
contig_5	232466	232708	-	CFLALH_07495	9.8	4.3		RefSeq:WP_047930750.1, SO:0001217, UniParc:UPI00064C9436, UniRef:UniRef100_UPI00064C9436, UniRef:UniRef50_A0A2B9RZ17, UniRef:UniRef90_A0A2B9RZ17
contig_5	232833	233000	+	CFLALH_07500	6.1	9.9		RefSeq:WP_162837668.1, SO:0001217, UniParc:UPI000B27240F, UniRef:UniRef100_UPI000B27240F, UniRef:UniRef50_A0A1N6TBF3, UniRef:UniRef90_A0A897H9H9
contig_5	236604	236747	+	CFLALH_07520	5.6	5.2		
contig_6	4661	4780	-	CFLALH_07550	4.6	4.5		SO:0001217, UniParc:UPI000347EB46, UniRef:UniRef100_A0A1I2UTC5, UniRef:UniRef50_D5DIB0, UniRef:UniRef90_D5DIB0
contig_6	8339	8467	+	CFLALH_07595	4.8	4.4		SO:0001217, UniParc:UPI0001D10406, UniRef:UniRef100_A0A1I2UZE7, UniRef:UniRef50_A0A806TRM5, UniRef:UniRef90_A0A7W3N6P7
contig_6	29155	29640	-	CFLALH_07720	18.8	5.3		RefSeq:WP_047931975.1, SO:0001217, UniParc:UPI00064CBF2F, UniRef:UniRef100_UPI00064CBF2F, UniRef:UniRef50_D5DYG2, UniRef:UniRef90_D5DYG2
contig_6	35327	35686	-	CFLALH_07745	13.9	10.0		RefSeq:WP_047931972.1, SO:0001217, UniParc:UPI00064C8B48, UniRef:UniRef100_UPI00064C8B48, UniRef:UniRef50_D5DID7, UniRef:UniRef90_A0A0L1LTA7
contig_6	37526	37978	-	CFLALH_07765	17.2	8.9		RefSeq:WP_233334983.1, SO:0001217, UniParc:UPI000AB72A6D, UniRef:UniRef100_UPI000AB72A6D, UniRef:UniRef50_A0A069D9Q8, UniRef:UniRef90_A0A0B6AH96
contig_6	48092	48409	-	CFLALH_07820	11.1	7.8		RefSeq:WP_201780338.1, SO:0001217, UniParc:UPI000AABCFE6, UniRef:UniRef100_UPI000AABCFE6, UniRef:UniRef50_D5DYI4, UniRef:UniRef90_A0A0B6ALW4
contig_6	50406	50519	+	CFLALH_07840	4.1	6.5		SO:0001217, UniParc:UPI00034921E0, UniRef:UniRef100_A0A1I2UW93, UniRef:UniRef50_A0A1I2UW93, UniRef:UniRef90_A0A1I2UW93
contig_6	51813	52028	+	CFLALH_07850	8.1	10.2		RefSeq:WP_013057984.1, SO:0001217, UniParc:UPI0001D0555D, UniRef:UniRef100_A0A1Q8UPA1, UniRef:UniRef50_A0A1Q8UPA1, UniRef:UniRef90_A0A1Q8UPA1
contig_6	66806	67006	-	CFLALH_07965	7.8	10.0		RefSeq:WP_047932182.1, SO:0001217, UniParc:UPI00064CC22C, UniRef:UniRef100_A0A6M6DQ62, UniRef:UniRef50_D5DH32, UniRef:UniRef90_D5DH32
contig_6	67039	67221	-	CFLALH_07970	6.7	8.1		RefSeq:WP_013084028.1, SO:0001217, UniParc:UPI0001D0F49A, UniRef:UniRef100_A0A1Q8UPE3, UniRef:UniRef50_A0A0L1LS43, UniRef:UniRef90_A0A0L1LS43
contig_6	67816	68427	-	CFLALH_07980	24.0	10.5		RefSeq:WP_047932184.1, SO:0001217, UniParc:UPI00064C8755, UniRef:UniRef100_UPI00064C8755, UniRef:UniRef50_D5DYL5, UniRef:UniRef90_D5DYL5
contig_6	68466	68966	-	CFLALH_07985	20.1	10.2		RefSeq:WP_016764921.1, SO:0001217, UniParc:UPI000346B8EA, UniRef:UniRef100_A0A6M6E5K4, UniRef:UniRef50_E6TSK8, UniRef:UniRef90_A0A0B6ATU5
contig_6	73112	73501	+	CFLALH_08005	15.5	6.1		SO:0001217, UniRef:UniRef50_D5DH47, UniRef:UniRef90_UPI001D175918
contig_6	75145	75426	-	CFLALH_08015	10.7	5.0		RefSeq:WP_233334981.1, SO:0001217, UniParc:UPI000A7B449F, UniRef:UniRef100_UPI000A7B449F, UniRef:UniRef50_A0A6B3HDS0, UniRef:UniRef90_UPI001D1722A8
contig_6	90068	90385	-	CFLALH_08115	13.8	6.9		RefSeq:WP_029323073.1, SO:0001217, UniParc:UPI0003FBF469, UniRef:UniRef100_A0A6M6DT43, UniRef:UniRef50_A0A398B143, UniRef:UniRef90_D5DH71
contig_6	99323	99472	-	CFLALH_08165	5.8	8.1		SO:0001217, UniRef:UniRef50_A0A1I2ZSD8, UniRef:UniRef90_A0A1I2V1B7
contig_6	121661	121870	+	CFLALH_08295	8.1	5.0		RefSeq:WP_014459119.1, SO:0001217, UniParc:UPI0002299CB1, UniRef:UniRef100_A0A1I2V5C1, UniRef:UniRef50_D5DHA6, UniRef:UniRef90_D5DZK4
contig_6	121875	122375	+	CFLALH_08300	18.7	5.3		RefSeq:WP_016766601.1, SO:0001217, UniParc:UPI00034988EA, UniRef:UniRef100_A0A6M6DNX4, UniRef:UniRef50_A0A1Q8UPM4, UniRef:UniRef90_A0A1Q8UPM4
contig_6	126942	127163	+	CFLALH_08325	8.8	8.0		RefSeq:WP_233334978.1, SO:0001217, UniParc:UPI000A7B718D, UniRef:UniRef100_UPI001C0D6BB2, UniRef:UniRef50_D5DZL1, UniRef:UniRef50_UPI000AEA1611, UniRef:UniRef90_UPI0013E2BE4C, UniRef:UniRef90_UPI001D17B7DB
contig_6	128820	129011	-	CFLALH_08335	7.2	9.4		RefSeq:WP_013058089.1, SO:0001217, UniParc:UPI0001D05717, UniRef:UniRef100_A0A109GH85, UniRef:UniRef50_G2ZAM6, UniRef:UniRef90_A0A109GH85
contig_6	135564	135734	-	CFLALH_08370	6.7	8.0		RefSeq:WP_013058097.1, SO:0001217, UniParc:UPI0001D0571F, UniRef:UniRef100_A0A1I2V4C1, UniRef:UniRef50_D5DHC2, UniRef:UniRef90_D5DHC2
contig_6	150062	150367	-	CFLALH_08430	10.9	10.2		RefSeq:WP_047932236.1, SO:0001217, UniParc:UPI00064CB183, UniRef:UniRef100_UPI00064CB183, UniRef:UniRef50_D5DZQ8, UniRef:UniRef90_D5DZQ8
contig_6	162269	162580	-	CFLALH_08505	11.3	8.2		RefSeq:WP_047931395.1, SO:0001217, UniParc:UPI00064C6169, UniRef:UniRef100_UPI00064C6169, UniRef:UniRef50_D5DII7, UniRef:UniRef90_A0A0B6AUZ3
contig_6	165085	165393	-	CFLALH_08530	11.3	9.8		
contig_6	169619	170095	-	CFLALH_08560	17.6	6.0	PF01261.27|AP_endonuc_2	PFAM:PF01261.27
contig_6	170215	170520	-	CFLALH_08565	11.6	9.3		RefSeq:WP_047931387.1, SO:0001217, UniParc:UPI00064C68D3, UniRef:UniRef100_A0A6M6DP08, UniRef:UniRef50_D5DIJ7, UniRef:UniRef90_D5DIJ7
contig_6	186940	187038	-	CFLALH_08635	3.6	9.8		SO:0001217, UniRef:UniRef50_A0A1I2V858, UniRef:UniRef90_A0A1I2V858
contig_6	191256	191567	+	CFLALH_08665	12.0	9.9		SO:0001217, UniParc:UPI001597844C, UniRef:UniRef100_A0A6M6DPT8, UniRef:UniRef50_D5DIL7, UniRef:UniRef90_D5DIL7
contig_6	191909	192616	-	CFLALH_08670	26.8	4.9		RefSeq:WP_047931371.1, SO:0001217, UniParc:UPI00064C753E, UniRef:UniRef100_UPI00064C753E, UniRef:UniRef50_D5DIL8, UniRef:UniRef90_D5DIL8
contig_6	198899	199201	+	CFLALH_08700	11.5	4.3		RefSeq:WP_047931367.1, SO:0001217, UniParc:UPI00064C840E, UniRef:UniRef100_UPI00064C840E, UniRef:UniRef50_A0A2B0NJU7, UniRef:UniRef90_A0A2B0NJU7
contig_6	199225	199521	+	CFLALH_08705	11.2	5.4		RefSeq:WP_025750843.1, SO:0001217, UniParc:UPI00034BFFB8, UniRef:UniRef100_A0A269W1I5, UniRef:UniRef50_D5DIM8, UniRef:UniRef90_D5DIM8
contig_6	201575	201799	-	CFLALH_08720	8.9	5.7		RefSeq:WP_047931364.1, SO:0001217, UniParc:UPI00064CA1F4, UniRef:UniRef100_A0A6M6DPT1, UniRef:UniRef50_D5DIN1, UniRef:UniRef90_D5DIN1
contig_6	203558	203728	-	CFLALH_08740	6.6	5.1		RefSeq:WP_013084200.1, SO:0001217, UniParc:UPI0001D0F844, UniRef:UniRef100_D5DIN5, UniRef:UniRef50_K0B1G7, UniRef:UniRef90_D5DIN5
contig_7	56878	57669	+	CFLALH_09000	30.1	8.7		RefSeq:WP_034648232.1, SO:0001217, UniParc:UPI0004FFF73C, UniRef:UniRef100_A0A6M6DNY2, UniRef:UniRef50_A0A0L1LSP5, UniRef:UniRef90_A0A0L1LSP5
contig_7	110192	110821	+	CFLALH_09255	23.5	5.7	PF01451.24|LMWPc	PFAM:PF01451.24
contig_7	134781	134960	+	CFLALH_09395	7.0	10.5		SO:0001217, UniParc:UPI00051D48E2, UniRef:UniRef100_A0A0B6AWE2, UniRef:UniRef50_A0A0B6AWE2, UniRef:UniRef90_A0A0B6AWE2
contig_8	1399	1722	-	CFLALH_09725	12.7	9.7		RefSeq:WP_233335002.1, SO:0001217, UniParc:UPI001E5FBEDD, UniRef:UniRef100_UPI001E5FBEDD, UniRef:UniRef50_D5DUE1, UniRef:UniRef90_A0A0B6A975
contig_8	5053	5364	-	CFLALH_09750	11.0	7.9		RefSeq:WP_013057484.1, SO:0001217, UniParc:UPI0001D0582D, UniRef:UniRef100_A0A1S2C6D1, UniRef:UniRef50_L1QCR1, UniRef:UniRef90_D5DGE0
contig_8	5671	5859	-	CFLALH_09755	7.4	5.8		RefSeq:WP_016764545.1, SO:0001217, UniParc:UPI00035F1CEA, UniRef:UniRef100_A0A1I2U982, UniRef:UniRef50_A0A0B6A6I6, UniRef:UniRef90_A0A0B6A6I6
contig_8	17488	17721	-	CFLALH_09820	9.1	10.4		RefSeq:WP_034651110.1, SO:0001217, UniParc:UPI0004FF8BA2, UniRef:UniRef100_A0A1S2C6B9, UniRef:UniRef50_D5DGF4, UniRef:UniRef90_D5DGF4
contig_8	22159	22491	+	CFLALH_09850	12.8	9.6		RefSeq:WP_034651098.1, SO:0001217, UniParc:UPI0005044BCA, UniRef:UniRef100_A0A6M6DPZ9, UniRef:UniRef50_A0A0L1LVC8, UniRef:UniRef90_A0A0L1LVC8
contig_8	24898	25044	+	CFLALH_09865	5.7	6.0		RefSeq:WP_013057506.1, SO:0001217, UniParc:UPI0001D058BC, UniRef:UniRef100_A0A1I2U3A8, UniRef:UniRef50_D5DGG2, UniRef:UniRef90_D5DGG2
contig_8	28137	28538	+	CFLALH_09885	15.6	9.6		RefSeq:WP_034651085.1, SO:0001217, UniParc:UPI000502089F, UniRef:UniRef100_A0A0B6AYG1, UniRef:UniRef50_D5DGG6, UniRef:UniRef90_A0A0B6AYG1
contig_8	30104	30334	+	CFLALH_09900	8.9	9.7		RefSeq:WP_013057513.1, SO:0001217, UniParc:UPI0001D058C3, UniRef:UniRef100_A0A125PLC6, UniRef:UniRef50_A0A125PLC6, UniRef:UniRef90_A0A125PLC6
contig_8	30379	30738	-	CFLALH_09905	14.0	9.4		RefSeq:WP_034651076.1, SO:0001217, UniParc:UPI00050485E3, UniRef:UniRef100_A0A0B6AKM4, UniRef:UniRef50_A0A1S2C5M0, UniRef:UniRef90_D5DGH0
contig_8	33516	33974	+	CFLALH_09925	17.8	6.4		RefSeq:WP_047931838.1, SO:0001217, UniParc:UPI00064C77B1, UniRef:UniRef100_UPI00064C77B1, UniRef:UniRef50_D5DGH4, UniRef:UniRef90_D5DGH4
contig_8	40882	41178	+	CFLALH_09960	11.0	9.7		RefSeq:WP_047931844.1, SO:0001217, UniParc:UPI00064CB217, UniRef:UniRef100_UPI00064CB217, UniRef:UniRef50_A0A1Q8UN89, UniRef:UniRef90_A0A1Q8UN89
contig_8	48100	48660	-	CFLALH_10000	22.2	6.4		RefSeq:WP_034651039.1, SO:0001217, UniParc:UPI00050313D3, UniRef:UniRef100_A0A0L1LVR5, UniRef:UniRef50_D5DGJ0, UniRef:UniRef90_D5DGJ0
contig_8	49572	49715	+	CFLALH_10010	5.5	10.3		RefSeq:WP_155276297.1, SO:0001217, UniParc:UPI000504ED93, UniRef:UniRef100_A0A1I2U5K7, UniRef:UniRef50_A0A1I2U5K7, UniRef:UniRef90_A0A1I2U5K7
contig_8	56153	57616	+	CFLALH_10040	57.5	6.8		RefSeq:WP_013083667.1, SO:0001217, UniParc:UPI0001D0FB2A, UniRef:UniRef100_A0A5Q0D9J2, UniRef:UniRef50_A0A2A8SXK1, UniRef:UniRef90_A0A2A8SXK1
contig_8	58586	59608	+	CFLALH_10045	38.9	6.6		RefSeq:WP_016764593.1, SO:0001217, UniParc:UPI00034735AD, UniRef:UniRef100_A0A6M6DUA6, UniRef:UniRef50_A0A0B6ASB8, UniRef:UniRef90_A0A0B6ASB8
contig_8	61758	62774	-	CFLALH_10060	38.8	7.7		RefSeq:WP_047932376.1, SO:0001217, UniParc:UPI00064C546E, UniRef:UniRef100_A0A6M6DPX2, UniRef:UniRef50_A0A1N6Q7H0, UniRef:UniRef90_A0A0B6AAZ5
contig_8	62847	63266	-	CFLALH_10065	15.6	5.0		RefSeq:WP_013057548.1, SO:0001217, UniParc:UPI0001D04F60, UniRef:UniRef100_A0A1I2U5X1, UniRef:UniRef50_A0A1I2U5X1, UniRef:UniRef90_A0A1I2U5X1
contig_8	63674	64165	+	CFLALH_10070	18.7	8.9		RefSeq:WP_016764597.1, SO:0001217, UniParc:UPI00034554C9, UniRef:UniRef100_A0A6M6DQ76, UniRef:UniRef50_A0A2C2SJD5, UniRef:UniRef90_A0A2B2PT25
contig_8	64246	64380	+	CFLALH_10075	5.1	6.5		SO:0001217, UniParc:UPI0001D0FB30, UniRef:UniRef100_A0A1I2U601, UniRef:UniRef50_A0A7W3N7E7, UniRef:UniRef90_A0A7W3N7E7
contig_8	67443	68213	-	CFLALH_10090	30.5	5.5		RefSeq:WP_053215318.1, SO:0001217, UniParc:UPI00069E892C, UniRef:UniRef100_UPI00069E892C, UniRef:UniRef50_UPI000BFDA159, UniRef:UniRef90_UPI000BFDA159
contig_8	68586	68927	-	CFLALH_10095	13.4	9.5		RefSeq:WP_047932379.1, SO:0001217, UniParc:UPI00064CA080, UniRef:UniRef100_UPI00064CA080, UniRef:UniRef50_A0A1I2U6I3, UniRef:UniRef90_A0A1I2U6I3
contig_8	71407	71829	-	CFLALH_10110	16.4	9.2		RefSeq:WP_047932382.1, SO:0001217, UniParc:UPI00064CC503, UniRef:UniRef100_UPI00064CC503, UniRef:UniRef50_A0A1H4JID0, UniRef:UniRef90_A0A1S2C7U4
contig_8	72114	72890	-	CFLALH_10115	29.9	9.3		RefSeq:WP_047932383.1, SO:0001217, UniParc:UPI00064C9FED, UniRef:UniRef100_UPI00064C9FED, UniRef:UniRef50_A9VJY8, UniRef:UniRef90_UPI001C8DF48F
contig_8	73250	73516	-	CFLALH_10120	9.9	8.9		
contig_8	87507	87779	-	CFLALH_10170	10.6	8.9		RefSeq:WP_016764608.1, SO:0001217, UniParc:UPI000367CAEB, UniRef:UniRef100_A0A6M6DR46, UniRef:UniRef50_D5DGL4, UniRef:UniRef90_D5DGL4
contig_8	87913	88560	-	CFLALH_10175	25.0	9.3		RefSeq:WP_013057564.1, SO:0001217, UniParc:UPI0001D04F70, UniRef:UniRef100_A0A269W027, UniRef:UniRef50_A0A0M0LID3, UniRef:UniRef90_A0A269W027
contig_8	88825	88959	+	CFLALH_10180	5.3	9.2		SO:0001217, UniParc:UPI0001D04F71, UniRef:UniRef100_A0A6B3RCP0, UniRef:UniRef50_A0A060M4Q9, UniRef:UniRef90_A0A6B3RCP0
contig_8	93991	94512	-	CFLALH_10230	20.3	5.0		RefSeq:WP_047932394.1, SO:0001217, UniParc:UPI00064CC44E, UniRef:UniRef100_A0A6M6DQ54, UniRef:UniRef50_A0A1Q8UNF9, UniRef:UniRef90_A0A1Q8UNF9
contig_8	120549	121007	-	CFLALH_10350	18.0	4.6		RefSeq:WP_016764637.1, SO:0001217, UniParc:UPI00034CBA8F, UniRef:UniRef100_A0A1Q8UNB6, UniRef:UniRef50_D5DHT5, UniRef:UniRef90_D5DHT5
contig_8	121332	121622	-	CFLALH_10355	11.2	9.9		RefSeq:WP_013057601.1, SO:0001217, UniParc:UPI0001D0500C, UniRef:UniRef100_A0A109FZW1, UniRef:UniRef50_A0A109FZW1, UniRef:UniRef90_A0A109FZW1
contig_8	122424	122711	+	CFLALH_10365	11.2	9.4		RefSeq:WP_013057603.1, SO:0001217, UniParc:UPI0001D0500E, UniRef:UniRef100_A0A1Q8UNR8, UniRef:UniRef50_A0A0L1M0V0, UniRef:UniRef90_A0A0L1M0V0
contig_8	124056	125003	-	CFLALH_10375	36.7	9.2		RefSeq:WP_211186158.1, SO:0001217, UniParc:UPI000503FB24, UniRef:UniRef100_UPI000503FB24, UniRef:UniRef50_D5DHU0, UniRef:UniRef90_D5DHU0
contig_8	141126	141947	+	CFLALH_10465	30.6	6.5		RefSeq:WP_016764653.1, SO:0001217, UniParc:UPI00036D1F40, UniRef:UniRef100_A0A6M6DPR1, UniRef:UniRef50_D5DVZ0, UniRef:UniRef90_D5DVZ0
contig_8	158259	158987	-	CFLALH_10545	28.3	6.5		RefSeq:WP_028409104.1, SO:0001217, UniParc:UPI00048D8F55, UniRef:UniRef100_A0A1I2UJM4, UniRef:UniRef50_D5DW06, UniRef:UniRef90_D5DW06
contig_8	188766	188966	+	CFLALH_10700	6.4	9.7		RefSeq:WP_016764694.1, SO:0001217, UniParc:UPI000347A7C6, UniRef:UniRef100_A0A6M6DXU5, UniRef:UniRef50_D5DI10, UniRef:UniRef90_D5DI10
contig_8	192486	192659	-	CFLALH_10725	7.0	10.1		RefSeq:WP_162837684.1, SO:0001217, UniParc:UPI000501A0DA, UniRef:UniRef100_A0A0B6AKK8, UniRef:UniRef50_A0A0B6AKK8, UniRef:UniRef90_A0A0B6AKK8
contig_8	193703	194254	-	CFLALH_10740	21.9	5.6		RefSeq:WP_013083781.1, SO:0001217, UniParc:UPI0001D0FE60, UniRef:UniRef100_A0A1I2UFC2, UniRef:UniRef50_A0A0L1M0W4, UniRef:UniRef90_A0A0L1M0W4
contig_9	7207	7347	-	CFLALH_10790	5.4	10.2		RefSeq:WP_013056833.1, SO:0001217, UniParc:UPI0001D04E08, UniRef:UniRef100_A0A1I2WI38, UniRef:UniRef50_A0A1N6WR23, UniRef:UniRef90_A0A1N6WR23
contig_9	27457	27933	+	CFLALH_10900	18.3	8.7		RefSeq:WP_034652596.1, SO:0001217, UniParc:UPI000501A414, UniRef:UniRef100_A0A6M6DS76, UniRef:UniRef50_D5DQZ1, UniRef:UniRef90_D5DQZ1
contig_9	38042	38521	+	CFLALH_10960	19.3	8.7		RefSeq:WP_034652606.1, SO:0001217, UniParc:UPI0005079F16, UniRef:UniRef100_A0A6M6DWU5, UniRef:UniRef50_D5DQJ5, UniRef:UniRef90_D5DQJ5
contig_9	47203	47562	-	CFLALH_10990	13.5	10.2		RefSeq:WP_047931683.1, SO:0001217, UniParc:UPI00064C6865, UniRef:UniRef100_UPI00064C6865, UniRef:UniRef50_D5DFA4, UniRef:UniRef90_D5DFA4
contig_9	48233	48379	+	CFLALH_11000	5.2	9.1		RefSeq:WP_013056796.1, SO:0001217, UniParc:UPI0001D04D73, UniRef:UniRef100_A0A1Q8UVE1, UniRef:UniRef50_A0A1C3SC48, UniRef:UniRef90_A0A1Q8UVE1
contig_9	48509	48721	+	CFLALH_11005	7.8	5.0		RefSeq:WP_013056795.1, SO:0001217, UniParc:UPI0001D04D72, UniRef:UniRef100_A0A109FSZ1, UniRef:UniRef50_A0A109FSZ1, UniRef:UniRef90_A0A109FSZ1
contig_9	50411	50590	-	CFLALH_11020	6.9	5.4		RefSeq:WP_129542313.1, SO:0001217, UniParc:UPI0008DFB085, UniRef:UniRef100_A0A1I2WKA3, UniRef:UniRef50_A0A1I2WKA3, UniRef:UniRef90_A0A1I2WKA3
contig_9	55334	56722	-	CFLALH_11050	53.8	9.8	PF03703.17|bPH_2, PF03703.17|bPH_2	PFAM:PF03703.17, PFAM:PF03703.17, SO:0001217, UniRef:UniRef50_D5DQH7, UniRef:UniRef90_D5DQH7
contig_9	62461	62769	-	CFLALH_11085	11.8	5.3		RefSeq:WP_233335139.1, SO:0001217, UniParc:UPI000AB680EA, UniRef:UniRef100_UPI000AB680EA, UniRef:UniRef50_UPI000AB680EA, UniRef:UniRef90_UPI000AB680EA
contig_9	65864	66244	+	CFLALH_11100	14.8	8.0		RefSeq:WP_013056777.1, SO:0001217, UniParc:UPI0001D04D60, UniRef:UniRef100_A0A2C2T0Y5, UniRef:UniRef50_D5DF83, UniRef:UniRef90_D5DF83
contig_9	66301	66474	-	CFLALH_11105	6.6	7.6		SO:0001217, UniParc:UPI0001D0F6F0, UniRef:UniRef100_A0A120EB84, UniRef:UniRef50_B7IYV1, UniRef:UniRef90_A0A120EB84
contig_9	67675	68211	-	CFLALH_11115	20.1	5.8		RefSeq:WP_047933436.1, SO:0001217, UniParc:UPI00064C8D02, UniRef:UniRef100_A0A6M6DS26, UniRef:UniRef50_D5DE51, UniRef:UniRef90_D5DE51
contig_9	74559	75089	-	CFLALH_11160	19.9	6.1		RefSeq:WP_047933431.1, SO:0001217, UniParc:UPI00064C73BB, UniRef:UniRef100_UPI00064C73BB, UniRef:UniRef50_A0A2S1F3R0, UniRef:UniRef90_A0A2S1F3R0
contig_9	81212	81616	+	CFLALH_11185	15.3	5.1		RefSeq:WP_047934676.1, SO:0001217, UniParc:UPI00064CAA88, UniRef:UniRef100_UPI00064CAA88, UniRef:UniRef50_A0A2B9QSS9, UniRef:UniRef90_A0A2B9QSS9
contig_9	87679	87837	-	CFLALH_11210	6.0	10.1		RefSeq:WP_014460408.1, SO:0001217, UniParc:UPI0002299B58, UniRef:UniRef100_A0A1I2WM34, UniRef:UniRef50_A0A1N7APW3, UniRef:UniRef90_A0A1I2WM34
contig_9	97188	97520	+	CFLALH_11255	13.3	9.7		RefSeq:WP_013056747.1, SO:0001217, UniParc:UPI0001D04CCA, UniRef:UniRef100_A0A109FSY6, UniRef:UniRef50_Q5KY42, UniRef:UniRef90_D5DE24
contig_9	99306	99449	-	CFLALH_11270	5.2	4.9		RefSeq:WP_014460421.1, SO:0001217, UniParc:UPI0002299D0E, UniRef:UniRef100_A0A1I2WK95, UniRef:UniRef50_A0A1I2WK95, UniRef:UniRef90_A0A1I2WK95
contig_9	99590	99868	+	CFLALH_11275	11.1	9.2		RefSeq:WP_047933193.1, SO:0001217, UniParc:UPI00064CD773, UniRef:UniRef100_UPI00064CD773, UniRef:UniRef50_A0A2B4LB44, UniRef:UniRef90_A0A2B4LB44
contig_9	108386	108754	-	CFLALH_11305	15.0	4.7		RefSeq:WP_013082877.1, SO:0001217, UniParc:UPI0001D0F602, UniRef:UniRef100_A0A109FT20, UniRef:UniRef50_A0A1N7AP09, UniRef:UniRef90_A0A109FT20
contig_9	114295	114438	-	CFLALH_11330	5.3	10.2		RefSeq:WP_013056734.1, SO:0001217, UniParc:UPI0001D04C51, UniRef:UniRef100_A0A1I2WKK3, UniRef:UniRef50_A0A1I2WKK3, UniRef:UniRef90_A0A1I2WKK3
contig_9	114578	115087	+	CFLALH_11335	19.1	9.1		RefSeq:WP_034652689.1, SO:0001217, UniParc:UPI0005083D65, UniRef:UniRef100_A0A6M6DTE1, UniRef:UniRef50_D5DE09, UniRef:UniRef90_D5DE09
contig_9	133236	133547	+	CFLALH_11440	11.8	8.9		RefSeq:WP_233335143.1, SO:0001217, UniParc:UPI000ACE6BA0, UniRef:UniRef100_UPI000ACE6BA0, UniRef:UniRef50_A0A269VYG7, UniRef:UniRef90_A0A269VYG7
contig_9	153874	154392	-	CFLALH_11565	20.0	4.8		RefSeq:WP_047932801.1, SO:0001217, UniParc:UPI00064C62B6, UniRef:UniRef100_A0A6M6E2Q1, UniRef:UniRef50_D5DQ78, UniRef:UniRef90_D5DQ78
contig_9	157832	158548	-	CFLALH_11580	26.9	4.9		RefSeq:WP_047932803.1, SO:0001217, UniParc:UPI00064CAD5D, UniRef:UniRef100_UPI00064CAD5D, UniRef:UniRef50_D5DDW0, UniRef:UniRef90_D5DDW0
contig_9	158652	158897	+	CFLALH_11585	8.9	4.4		RefSeq:WP_034652750.1, SO:0001217, UniParc:UPI000504D347, UniRef:UniRef100_A0A6M6DT98, UniRef:UniRef50_A0A2C3IZA4, UniRef:UniRef90_A0A0L1LYX3
contig_9	158908	159105	-	CFLALH_11590	7.4	9.7		RefSeq:WP_034652753.1, SO:0001217, UniParc:UPI0005033F88, UniRef:UniRef100_A0A6M6DSI8, UniRef:UniRef50_A0A2B4GKQ9, UniRef:UniRef90_A0A6M6DSI8
contig_9	159733	159975	-	CFLALH_11595	8.6	4.1		RefSeq:WP_016763819.1, SO:0001217, UniParc:UPI000373E8DC, UniRef:UniRef100_A0A1Q8UVP3, UniRef:UniRef50_A0A084GX25, UniRef:UniRef90_A0A1I2WNP7
contig_9	160837	161247	-	CFLALH_11600	15.3	11.8		RefSeq:WP_016763817.1, SO:0001217, UniParc:UPI00034680DF, UniRef:UniRef100_A0A1I2WNE8, UniRef:UniRef50_A0A2B0SCM8, UniRef:UniRef90_A0A2B0SCM8
contig_9	162610	162777	+	CFLALH_11610	6.3	4.8		RefSeq:WP_162837687.1, SO:0001217, UniParc:UPI000A631AC3, UniRef:UniRef100_UPI000A631AC3, UniRef:UniRef50_A0A150LE14, UniRef:UniRef90_A0A1I2WR93
contig_10	21826	22029	-	CFLALH_11715	7.9	5.2		RefSeq:WP_013059559.1, SO:0001217, UniParc:UPI0001D04FE1, UniRef:UniRef100_A0A109FWY4, UniRef:UniRef50_A0A109FWY4, UniRef:UniRef90_A0A109FWY4
contig_10	41885	41989	+	CFLALH_11835	4.2	4.5		SO:0001217, UniRef:UniRef50_A0A1I2QJ65, UniRef:UniRef90_A0A1I2QJ65
contig_10	49486	49674	+	CFLALH_11885	6.4	9.3		RefSeq:WP_047931053.1, SO:0001217, UniParc:UPI00064CAA03, UniRef:UniRef100_UPI00064CAA03, UniRef:UniRef50_A0A1I2QQ57, UniRef:UniRef90_A0A6M6DR97
contig_10	109815	110129	-	CFLALH_12170	12.3	4.7		RefSeq:WP_034648645.1, SO:0001217, UniParc:UPI000505A3FC, UniRef:UniRef100_A0A6M6DVA6, UniRef:UniRef50_F5LAF1, UniRef:UniRef90_D5DMY3
contig_10	113202	113369	+	CFLALH_12185	6.3	4.5		RefSeq:WP_013059463.1, SO:0001217, UniParc:UPI0001D0580A, UniRef:UniRef100_A0A1I2QKK6, UniRef:UniRef50_A0A1N6S834, UniRef:UniRef90_A0A1I2QKK6
contig_10	115779	116015	+	CFLALH_12200	8.7	11.1		RefSeq:WP_013085204.1, SO:0001217, UniParc:UPI0001D0F771, UniRef:UniRef100_A0A1Q8V1F9, UniRef:UniRef50_A0A0L1M9M0, UniRef:UniRef90_A0A0L1M9M0
contig_10	154939	155316	-	CFLALH_12385	14.8	9.4		RefSeq:WP_034648682.1, SO:0001217, UniParc:UPI0004FFBF03, UniRef:UniRef100_A0A1I2Q9G5, UniRef:UniRef50_D5DMU0, UniRef:UniRef90_D5DMU0
contig_11	602	901	+	CFLALH_12410	9.7	4.6		RefSeq:WP_047933274.1, SO:0001217, UniParc:UPI00064C61D4, UniRef:UniRef100_UPI00064C61D4, UniRef:UniRef50_UPI001EDB9884, UniRef:UniRef90_UPI00064C61D4
contig_11	2943	3185	+	CFLALH_12425	9.7	9.2		RefSeq:WP_047933270.1, SO:0001217, UniParc:UPI00064CA5A0, UniRef:UniRef100_A0A6M6DQW4, UniRef:UniRef50_A0A0B6AGM8, UniRef:UniRef90_A0A6M6DQW4
contig_11	3815	4303	-	CFLALH_12430	19.2	9.8		RefSeq:WP_034651807.1, SO:0001217, UniParc:UPI0005035BC5, UniRef:UniRef100_A0A0B6AUM7, UniRef:UniRef50_A0A0B6AQG9, UniRef:UniRef90_A0A0B6AQG9
contig_11	7551	7850	+	CFLALH_12450	11.6	9.9		
contig_11	9872	10651	+	CFLALH_12465	30.9	5.5		RefSeq:WP_047933262.1, SO:0001217, UniParc:UPI00064CA0CD, UniRef:UniRef100_UPI00064CA0CD, UniRef:UniRef50_A0A0B6AZL2, UniRef:UniRef90_A0A0B6AZL2
contig_11	30507	30731	-	CFLALH_12565	8.7	4.9		RefSeq:WP_014459961.1, SO:0001217, UniParc:UPI000229A482, UniRef:UniRef100_A0A1Q8UUD4, UniRef:UniRef50_A0A1Q8UUD4, UniRef:UniRef90_A0A1Q8UUD4
contig_11	32938	33078	+	CFLALH_12575	5.4	5.2		RefSeq:WP_016764236.1, SO:0001217, UniParc:UPI0003495EE1, UniRef:UniRef100_A0A1I2ZA51, UniRef:UniRef50_A0A1I2ZA51, UniRef:UniRef90_A0A1I2ZA51
contig_11	35683	35874	+	CFLALH_12595	7.1	4.4		RefSeq:WP_016764232.1, SO:0001217, UniParc:UPI0003470D8B, UniRef:UniRef100_A0A0B6AKS5, UniRef:UniRef50_D5DEL6, UniRef:UniRef90_D5DEL6
contig_11	38028	38219	+	CFLALH_12610	6.8	10.0		RefSeq:WP_034651888.1, SO:0001217, UniParc:UPI0005011D94, UniRef:UniRef100_A0A6M6DXE7, UniRef:UniRef50_A0A7W3N8A4, UniRef:UniRef90_A0A7W3N8A4
contig_11	40387	40698	+	CFLALH_12620	11.1	9.3		RefSeq:WP_047932426.1, SO:0001217, UniParc:UPI00064CA372, UniRef:UniRef100_UPI00064CA372, UniRef:UniRef50_D5DEL0, UniRef:UniRef90_D5DEL0
contig_11	40758	41279	-	CFLALH_12625	19.8	6.0		RefSeq:WP_047932427.1, SO:0001217, UniParc:UPI00064C9025, UniRef:UniRef100_UPI00064C9025, UniRef:UniRef50_A0A0B6AZA6, UniRef:UniRef90_A0A0B6AZA6
contig_11	43122	44135	+	CFLALH_12635	38.0	4.1		RefSeq:WP_047932428.1, SO:0001217, UniParc:UPI00064C51F9, UniRef:UniRef100_UPI00064C51F9, UniRef:UniRef50_A0A0L1LY06, UniRef:UniRef90_A0A0L1LY06
contig_11	45660	45788	+	CFLALH_12650	4.7	9.2		SO:0001217, UniRef:UniRef50_A0A0B6AP56, UniRef:UniRef90_A0A0B6AP56
contig_11	46723	46839	+	CFLALH_12655	4.4	4.2		SO:0001217, UniParc:UPI0001D04891, UniRef:UniRef100_A0A1I2ZB18, UniRef:UniRef50_J8K160, UniRef:UniRef90_A0A1I2ZB18
contig_11	47079	47777	+	CFLALH_12660	27.2	6.4		RefSeq:WP_047932433.1, SO:0001217, UniParc:UPI00064C67B0, UniRef:UniRef100_UPI00064C67B0, UniRef:UniRef50_A0A0M0KVA2, UniRef:UniRef90_A0A0B6AKW0
contig_11	54812	55087	-	CFLALH_12695	10.5	10.0		RefSeq:WP_233335116.1, SO:0001217, UniParc:UPI001E570457, UniRef:UniRef100_UPI001E570457, UniRef:UniRef50_A0A2B2YUB6, UniRef:UniRef90_A0A2B2YUB6
contig_11	56842	57027	-	CFLALH_12715	7.1	9.4		RefSeq:WP_047932441.1, SO:0001217, UniParc:UPI00064CCB0D, UniRef:UniRef100_A0A6M6DZB6, UniRef:UniRef50_A0A109GBR0, UniRef:UniRef90_A0A109GBR0
contig_11	59358	59687	-	CFLALH_12735	12.1	10.1		RefSeq:WP_047932445.1, SO:0001217, UniParc:UPI00064C6EB7, UniRef:UniRef100_A0A6M6DRD7, UniRef:UniRef50_D5DEI7, UniRef:UniRef90_D5DEI7
contig_11	59783	59902	-	CFLALH_12740	4.4	10.0		SO:0001217, UniRef:UniRef50_A0A8D3X248, UniRef:UniRef90_A0A8D3X248
contig_11	61135	61380	-	CFLALH_12750	9.4	5.0		SO:0001217, UniRef:UniRef50_A0A1I2ZB19, UniRef:UniRef90_A0A1I2ZB19
contig_11	61493	61642	-	CFLALH_12755	5.4	9.8		SO:0001217, UniRef:UniRef50_UPI000A7EBF33, UniRef:UniRef90_UPI001F49E000
contig_11	62327	62791	+	CFLALH_12765	17.5	5.3		RefSeq:WP_047932449.1, SO:0001217, UniParc:UPI00064C68D5, UniRef:UniRef100_A0A6M6DVT7, UniRef:UniRef50_A0A0B6AV61, UniRef:UniRef90_A0A1I2ZBQ6
contig_11	69105	69746	-	CFLALH_12800	25.3	9.0		SO:0001217, UniRef:UniRef50_D5DFX7, UniRef:UniRef90_D5DFX7
contig_11	70033	70137	+	CFLALH_12805	4.2	8.9		SO:0001217, UniParc:UPI00050194FC, UniRef:UniRef100_D5DFX6, UniRef:UniRef50_D5DSM0, UniRef:UniRef90_D5DFX6
contig_11	72867	73097	-	CFLALH_12820	8.8	5.9		RefSeq:WP_228307756.1, SO:0001217, UniParc:UPI0004FF6964, UniRef:UniRef100_A0A6M6DSC0, UniRef:UniRef50_A0A0L1M8I5, UniRef:UniRef90_A0A0L1M8I5
contig_11	75650	75799	-	CFLALH_12840	5.6	4.7		RefSeq:WP_013057122.1, SO:0001217, UniParc:UPI0001D049D5, UniRef:UniRef100_A0A7W3N889, UniRef:UniRef50_A0A1I2ZCF8, UniRef:UniRef90_A0A1I2ZCF8
contig_11	75975	76103	-	CFLALH_12845	5.1	4.3		SO:0001217, UniParc:UPI0001D1007A, UniRef:UniRef100_D5DFW9, UniRef:UniRef50_D5DFW9, UniRef:UniRef90_D5DFW9
contig_11	76655	77107	-	CFLALH_12850	16.9	5.4		RefSeq:WP_034651965.1, SO:0001217, UniParc:UPI000501DC34, UniRef:UniRef100_A0A6M6DVU4, UniRef:UniRef50_D5DFV8, UniRef:UniRef90_D5DFV8
contig_11	80805	81365	-	CFLALH_12865	21.7	8.4		RefSeq:WP_047932460.1, SO:0001217, UniParc:UPI00064CB2E2, UniRef:UniRef100_A0A6M6DZD4, UniRef:UniRef50_D5DFV5, UniRef:UniRef90_D5DFV5
contig_11	98324	98488	-	CFLALH_12955	6.4	8.4		RefSeq:WP_016764155.1, SO:0001217, UniParc:UPI000345DD47, UniRef:UniRef100_A0A1I2ZCR9, UniRef:UniRef50_D5DFT7, UniRef:UniRef90_D5DFT7
contig_11	105230	105400	+	CFLALH_12980	6.3	9.9		SO:0001217, UniParc:UPI000503EBA4, UniRef:UniRef100_A0A1Q8UUJ1, UniRef:UniRef50_D5DFT2, UniRef:UniRef90_D5DFT2
contig_11	115157	115717	-	CFLALH_13025	20.4	5.6		RefSeq:WP_016764142.1, SO:0001217, UniParc:UPI0003485677, UniRef:UniRef100_A0A1Q8UUM1, UniRef:UniRef50_A0A0L1M890, UniRef:UniRef90_A0A0L1M890
contig_11	154490	155002	+	CFLALH_13225	19.9	8.0		RefSeq:WP_047932313.1, SO:0001217, UniParc:UPI00064C8F0B, UniRef:UniRef100_UPI00064C8F0B, UniRef:UniRef50_U5L4E3, UniRef:UniRef90_A0A0B6AK07
contig_12	44861	45514	-	CFLALH_13425	23.6	9.4		RefSeq:WP_233335219.1, SO:0001217, UniParc:UPI001E2E1BCC, UniRef:UniRef100_UPI001E2E1BCC, UniRef:UniRef50_D5D9F8, UniRef:UniRef90_D5D9F8
contig_12	82152	82751	+	CFLALH_13615	23.0	5.0		RefSeq:WP_047931879.1, SO:0001217, UniParc:UPI00064C89FE, UniRef:UniRef100_A0A6M6E0W3, UniRef:UniRef50_A0A2A8T7H7, UniRef:UniRef90_A0A2A8T7H7
contig_12	93719	94195	-	CFLALH_13655	18.1	4.6		RefSeq:WP_013081504.1, SO:0001217, UniParc:UPI0001D0FEDC, UniRef:UniRef100_A0A1Q8TWM2, UniRef:UniRef50_A0A1B1MW03, UniRef:UniRef90_A0A2B2AMI9
contig_12	114686	114793	+	CFLALH_13755	4.0	10.3		SO:0001217, UniParc:UPI00036F24A8, UniRef:UniRef100_A0A8E4BHR3, UniRef:UniRef50_A0A0H4P2U1, UniRef:UniRef90_A0A8E4BHR3
contig_12	125397	125582	+	CFLALH_13815	7.2	4.6		RefSeq:WP_013081532.1, SO:0001217, UniParc:UPI0001D0FEF7, UniRef:UniRef100_A0A109G6V4, UniRef:UniRef50_A0A511C6G6, UniRef:UniRef90_D5DXQ3
contig_13	536	1000	-	CFLALH_13980	18.0	10.2		RefSeq:WP_047931742.1, SO:0001217, UniParc:UPI00064CADD5, UniRef:UniRef100_A0A6M6DVQ1, UniRef:UniRef50_D5DY26, UniRef:UniRef90_D5DY26
contig_13	18215	18322	-	CFLALH_14055	4.0	5.8		
contig_13	22510	22665	+	CFLALH_14075	6.0	5.2		RefSeq:WP_013055763.1, SO:0001217, UniParc:UPI0001D04797, UniRef:UniRef100_A0A806TXH0, UniRef:UniRef50_A0A806TXH0, UniRef:UniRef90_A0A806TXH0
contig_13	31860	32861	-	CFLALH_14120	38.5	7.7		RefSeq:WP_047931770.1, SO:0001217, UniParc:UPI00064C7BE6, UniRef:UniRef100_UPI00064C7BE6, UniRef:UniRef50_A0A0L1MBA1, UniRef:UniRef90_A0A0L1MBA1
contig_13	32883	33263	-	CFLALH_14125	14.7	9.8		RefSeq:WP_047931771.1, SO:0001217, UniParc:UPI00064C7E50, UniRef:UniRef100_A0A0L1MBB0, UniRef:UniRef50_A0A0L1MBB0, UniRef:UniRef90_A0A0L1MBB0
contig_13	33289	34110	-	CFLALH_14130	32.5	4.8		SO:0001217, UniRef:UniRef50_A0A0L1MB73, UniRef:UniRef90_A0A0L1MB73
contig_13	47885	49816	-	CFLALH_14205	74.3	6.2		RefSeq:WP_047931785.1, SO:0001217, UniParc:UPI00064CC1AA, UniRef:UniRef100_UPI00064CC1AA, UniRef:UniRef50_A0A5B8Q714, UniRef:UniRef90_A0A5B8Q714
contig_13	51330	51920	-	CFLALH_14220	22.7	8.8		RefSeq:WP_028407704.1, SO:0001217, UniParc:UPI00048B74F9, UniRef:UniRef100_A0A6M6E314, UniRef:UniRef50_D5DBB0, UniRef:UniRef90_D5DBB0
contig_13	62389	62655	-	CFLALH_14275	9.7	9.9		RefSeq:WP_047931791.1, SO:0001217, UniParc:UPI00064C6107, UniRef:UniRef100_A0A6M6E1C2, UniRef:UniRef50_D5DXW5, UniRef:UniRef90_D5DXW5
contig_13	68764	69189	-	CFLALH_14315	16.9	9.0		SO:0001217, UniParc:UPI0008E30287, UniRef:UniRef100_A0A1I2S931, UniRef:UniRef50_W1SGS3, UniRef:UniRef90_A0A5B8Q6Z8
contig_13	72135	72338	-	CFLALH_14330	6.7	8.1		RefSeq:WP_016763265.1, SO:0001217, UniParc:UPI00034B88DC, UniRef:UniRef100_A0A6M6E1D3, UniRef:UniRef50_A0A1N6RFP4, UniRef:UniRef90_A0A1S2CAV0
contig_13	110978	111397	-	CFLALH_14510	16.2	4.5		RefSeq:WP_016763238.1, SO:0001217, UniParc:UPI0003450A9A, UniRef:UniRef100_A0A1I2SDQ7, UniRef:UniRef50_D5DCK9, UniRef:UniRef90_D5DCK9
contig_13	132447	133076	+	CFLALH_14605	22.7	10.0		RefSeq:WP_047932666.1, SO:0001217, UniParc:UPI00064C5CD7, UniRef:UniRef100_UPI00064C5CD7, UniRef:UniRef50_D5E294, UniRef:UniRef90_D5E294
contig_13	133093	133185	+	CFLALH_14610	3.4	9.5		SO:0001217, UniRef:UniRef50_A0A7W3REL0, UniRef:UniRef90_A0A7W3REL0
contig_13	144019	144711	-	CFLALH_14650	26.8	9.7	PF13632.9|Glyco_trans_2_3, PF13641.9|Glyco_tranf_2_3	PFAM:PF13632.9, PFAM:PF13641.9
contig_14	2607	2738	-	CFLALH_14670	5.2	11.5		SO:0001217, UniParc:UPI0001D05369, UniRef:UniRef100_A0A806TIS7, UniRef:UniRef50_A0A1N6QPK9, UniRef:UniRef90_A0A806TIS7
contig_14	13392	13631	+	CFLALH_14725	9.4	10.0		RefSeq:WP_025751108.1, SO:0001217, UniParc:UPI00047275E9, UniRef:UniRef100_A0A2A8SZ93, UniRef:UniRef50_A0A0H4KZJ3, UniRef:UniRef90_A0A0L1LJZ4
contig_14	13712	13864	+	CFLALH_14730	5.7	9.9		RefSeq:WP_162837692.1, SO:0001217, UniParc:UPI000A516E53, UniRef:UniRef100_UPI000A516E53, UniRef:UniRef50_A0A0B6ALQ3, UniRef:UniRef90_A0A1I2UNX5
contig_14	13910	14371	-	CFLALH_14735	18.2	4.9		RefSeq:WP_034650658.1, SO:0001217, UniParc:UPI000505A257, UniRef:UniRef100_A0A1Q8UP00, UniRef:UniRef50_D5DH08, UniRef:UniRef90_D5DH08
contig_14	15420	15998	+	CFLALH_14745	22.1	8.5		RefSeq:WP_013057828.1, SO:0001217, UniParc:UPI0001D05358, UniRef:UniRef100_A0A1Q8UPD2, UniRef:UniRef50_A0A1Q8UPD2, UniRef:UniRef90_A0A1Q8UPD2
contig_14	20486	20824	-	CFLALH_14770	12.8	7.9		RefSeq:WP_013083895.1, SO:0001217, UniParc:UPI0001D101E5, UniRef:UniRef100_A0A1I2UNF0, UniRef:UniRef50_A0A0B6AZG4, UniRef:UniRef90_A0A0B6AZG4
contig_14	21791	22204	+	CFLALH_14780	15.5	9.4		RefSeq:WP_047933177.1, SO:0001217, UniParc:UPI00064CC42D, UniRef:UniRef100_UPI00064CC42D, UniRef:UniRef50_D5DGZ9, UniRef:UniRef90_D5DGZ9
contig_14	23844	24107	-	CFLALH_14795	10.4	6.1		RefSeq:WP_013057818.1, SO:0001217, UniParc:UPI0001D0534E, UniRef:UniRef100_A0A109G3Y9, UniRef:UniRef50_A0A1N6QN31, UniRef:UniRef90_A0A109G3Y9
contig_14	25874	26248	+	CFLALH_14805	14.1	4.5		RefSeq:WP_013083889.1, SO:0001217, UniParc:UPI0001D101DF, UniRef:UniRef100_A0A1I2UMZ3, UniRef:UniRef50_D5DX77, UniRef:UniRef90_D5DX77
contig_14	33521	33922	+	CFLALH_14845	15.8	9.0		SO:0001217, UniParc:UPI0008EDB5BF, UniRef:UniRef100_A0A1I2UR72, UniRef:UniRef50_A0A806UAY8, UniRef:UniRef90_A0A806UAY8
contig_14	37286	37519	-	CFLALH_14865	8.8	9.5		RefSeq:WP_016764778.1, SO:0001217, UniParc:UPI00034DAD84, UniRef:UniRef100_A0A6M6DZK2, UniRef:UniRef50_D5DGY1, UniRef:UniRef90_D5DGY1
contig_14	37742	38014	+	CFLALH_14870	9.9	9.3		RefSeq:WP_016764777.1, SO:0001217, UniParc:UPI00034C0871, UniRef:UniRef100_A0A6M6DTN0, UniRef:UniRef50_A0A1Q8UNQ8, UniRef:UniRef90_A0A1Q8UNQ8
contig_14	38099	38290	+	CFLALH_14875	7.2	5.4		RefSeq:WP_014459359.1, SO:0001217, UniParc:UPI000229A63C, UniRef:UniRef100_A0A120EEY2, UniRef:UniRef50_D5DGX9, UniRef:UniRef90_D5DGX9
contig_14	38333	38704	+	CFLALH_14880	14.7	8.8		RefSeq:WP_034650698.1, SO:0001217, UniParc:UPI000508CC66, UniRef:UniRef100_A0A6M6DXJ4, UniRef:UniRef50_A0A109G3X9, UniRef:UniRef90_A0A109G3X9
contig_14	42492	42644	-	CFLALH_14905	6.0	4.7		RefSeq:WP_013057796.1, SO:0001217, UniParc:UPI0001D052BB, UniRef:UniRef100_A0A1I2UQH6, UniRef:UniRef50_A0A1I2UQH6, UniRef:UniRef90_A0A1I2UQH6
contig_14	47084	47350	-	CFLALH_14925	9.9	6.9		RefSeq:WP_047932535.1, SO:0001217, UniParc:UPI00064CC844, UniRef:UniRef100_UPI00064CC844, UniRef:UniRef50_A0A0B6AGR7, UniRef:UniRef90_A0A0L1LJX0
contig_14	56979	57434	-	CFLALH_14980	17.5	6.1		RefSeq:WP_014459377.1, SO:0001217, UniParc:UPI000229A64E, UniRef:UniRef100_A0A1I2UMU8, UniRef:UniRef50_A0A269W1E3, UniRef:UniRef90_A0A269W1E3
contig_14	61027	61197	+	CFLALH_15005	6.1	9.5		RefSeq:WP_013083852.1, SO:0001217, UniParc:UPI0001D100B2, UniRef:UniRef100_A0A1I2UPA4, UniRef:UniRef50_A0A1I2UPA4, UniRef:UniRef90_A0A1I2UPA4
contig_14	61344	61736	+	CFLALH_15010	15.2	5.1		RefSeq:WP_047932515.1, SO:0001217, UniParc:UPI00064C7681, UniRef:UniRef100_UPI00064C7681, UniRef:UniRef50_A0A1Q8UP70, UniRef:UniRef90_A0A1Q8UP70
contig_14	68088	68387	+	CFLALH_15055	11.4	7.8		RefSeq:WP_233334992.1, SO:0001217, UniParc:UPI000B193AB3, UniRef:UniRef100_UPI000B193AB3, UniRef:UniRef50_UPI001EDB485F, UniRef:UniRef90_UPI001EDB485F
contig_14	69017	69493	+	CFLALH_15065	18.5	5.2		RefSeq:WP_014459392.1, SO:0001217, UniParc:UPI000229A824, UniRef:UniRef100_A0A1I2UQN0, UniRef:UniRef50_A0A1I2UQN0, UniRef:UniRef90_A0A1I2UQN0
contig_14	84058	84414	-	CFLALH_15145	14.0	6.4		RefSeq:WP_016764740.1, SO:0001217, UniParc:UPI000345E164, UniRef:UniRef100_A0A3D8X6T3, UniRef:UniRef50_D5DGS0, UniRef:UniRef90_D5DGS0
contig_14	86605	86739	-	CFLALH_15160	5.1	11.0		SO:0001217, UniParc:UPI0001D0520B, UniRef:UniRef100_A0A7W3RD33, UniRef:UniRef50_A0A7W3RD33, UniRef:UniRef90_A0A7W3RD33
contig_14	95850	96185	-	CFLALH_15225	12.8	7.6	PF05495.15|zf-CHY	PFAM:PF05495.15, RefSeq:WP_016764731.1, SO:0001217, UniParc:UPI000345C9D9, UniRef:UniRef100_A0A1I2UNU9, UniRef:UniRef50_W3XMY0, UniRef:UniRef90_D5DGQ4
contig_14	98010	98147	+	CFLALH_15235	5.4	9.2		SO:0001217, UniRef:UniRef50_A0A897H5W6, UniRef:UniRef90_A0A897H5W6
contig_14	108358	108819	+	CFLALH_15285	17.8	9.9		RefSeq:WP_013083806.1, SO:0001217, UniParc:UPI0001D0FF87, UniRef:UniRef100_A0A1I2UNK6, UniRef:UniRef50_A0A1N6QIY4, UniRef:UniRef90_A0A1Q8UNR5
contig_14	108935	109393	+	CFLALH_15290	17.9	4.8		RefSeq:WP_047932482.1, SO:0001217, UniParc:UPI00064C8718, UniRef:UniRef100_UPI00064C8718, UniRef:UniRef50_D5DGP7, UniRef:UniRef90_D5DGP7
contig_14	111422	111568	-	CFLALH_15310	5.7	8.2		RefSeq:WP_016764718.1, SO:0001217, UniParc:UPI000305CDFC, UniRef:UniRef100_A0A1I2UNL2, UniRef:UniRef50_A0A1I2UNL2, UniRef:UniRef90_A0A1I2UNL2
contig_14	111758	112189	+	CFLALH_15315	16.1	9.4		RefSeq:WP_047932477.1, SO:0001217, UniParc:UPI00064C9FB6, UniRef:UniRef100_A0A6M6DXS0, UniRef:UniRef50_D5DGP3, UniRef:UniRef90_D5DGP3
contig_14	112232	112684	-	CFLALH_15320	17.3	4.9		RefSeq:WP_013083800.1, SO:0001217, UniParc:UPI0001D0FF81, UniRef:UniRef100_A0A109G3T4, UniRef:UniRef50_A0A0J6Q414, UniRef:UniRef90_A0A0J6Q414
contig_14	114450	114899	+	CFLALH_15335	17.1	9.0		RefSeq:WP_013083798.1, SO:0001217, UniParc:UPI0001D0FF7F, UniRef:UniRef100_A0A2C2YWN1, UniRef:UniRef50_A0A0V8JR48, UniRef:UniRef90_A0A2C2YWN1
contig_14	132070	132321	+	CFLALH_15410	10.2	5.7		RefSeq:WP_225518904.1, SO:0001217, UniParc:UPI0005048B08, UniRef:UniRef100_A0A1I2UFU5, UniRef:UniRef50_A0A0V8JQH5, UniRef:UniRef90_A0A1S2C5W0
contig_15	32453	32848	+	CFLALH_15560	14.5	9.7		RefSeq:WP_013055314.1, SO:0001217, UniParc:UPI0001D049F7, UniRef:UniRef100_A0A109GF47, UniRef:UniRef50_A0A6B3R512, UniRef:UniRef90_A0A6B3R512
contig_15	34383	34562	+	CFLALH_15575	6.9	7.9		RefSeq:WP_034654491.1, SO:0001217, UniParc:UPI00050781C6, UniRef:UniRef100_A0A6M6E418, UniRef:UniRef50_U5L7G9, UniRef:UniRef90_A0A109GF87
contig_15	34730	34819	-	CFLALH_15585	2.9	6.5		RefSeq:WP_016762973.1, SO:0001217, UniParc:UPI00037CD320, UniRef:UniRef100_A0A0B6AJU5, UniRef:UniRef50_A0A0B6AJU5, UniRef:UniRef90_A0A0B6AJU5
contig_15	54165	54407	-	CFLALH_15685	9.0	4.5		RefSeq:WP_025752963.1, SO:0001217, UniParc:UPI00047267FB, UniRef:UniRef100_A0A1Q8TVY4, UniRef:UniRef50_N0AVV0, UniRef:UniRef90_A0A1Q8TVY4
contig_15	57093	57290	-	CFLALH_15710	7.2	4.9		RefSeq:WP_047931550.1, SO:0001217, UniParc:UPI00064CA0CC, UniRef:UniRef100_A0A6M6DWW2, UniRef:UniRef50_D5DAQ2, UniRef:UniRef90_D5DAQ2
contig_15	63168	63383	-	CFLALH_15750	8.6	4.9		RefSeq:WP_013055279.1, SO:0001217, UniParc:UPI0001D0495A, UniRef:UniRef100_A0A109GFH4, UniRef:UniRef50_A0A109GFH4, UniRef:UniRef90_A0A109GFH4
contig_15	93772	94041	-	CFLALH_15895	10.3	5.0		RefSeq:WP_014461729.1, SO:0001217, UniParc:UPI000229D86D, UniRef:UniRef100_A0A0L1LHQ7, UniRef:UniRef50_A4ISG2, UniRef:UniRef90_A0A1S2BV80
contig_15	103816	103974	-	CFLALH_15950	5.8	9.7		RefSeq:WP_013081614.1, SO:0001217, UniParc:UPI0001D10254, UniRef:UniRef100_A0A1I2ZN51, UniRef:UniRef50_A0A7W3NFG1, UniRef:UniRef90_A0A7W3NFG1
contig_15	110387	110506	-	CFLALH_15995	4.1	9.7		SO:0001217, UniParc:UPI0001D048B6, UniRef:UniRef100_D5DYR1, UniRef:UniRef50_D5DYR1, UniRef:UniRef90_D5DYR1
contig_15	110710	110928	+	CFLALH_16000	8.2	10.0		RefSeq:WP_016762918.1, SO:0001217, UniParc:UPI00034A57FF, UniRef:UniRef100_A0A1Q8TVN3, UniRef:UniRef50_D5DA83, UniRef:UniRef90_D5DA83
contig_15	124810	125037	-	CFLALH_16060	8.7	4.6		RefSeq:WP_013055216.1, SO:0001217, UniParc:UPI0001D048AA, UniRef:UniRef100_A0A269VIZ2, UniRef:UniRef50_D5DA71, UniRef:UniRef90_D5DA71
contig_15	127433	127669	+	CFLALH_16075	8.9	9.4		SO:0001217, UniRef:UniRef50_A0A3D8WUC3, UniRef:UniRef90_A0A3D8WUC3
contig_15	128688	128861	+	CFLALH_16085	6.7	5.2		RefSeq:WP_013081589.1, SO:0001217, UniParc:UPI0001D1013F, UniRef:UniRef100_A0A1I2ZM08, UniRef:UniRef50_A0A7W3RHW6, UniRef:UniRef90_A0A7W3RHW6
contig_16	48	698	+	CFLALH_16110	25.3	9.5	PF04552.16|Sigma54_DBD	PFAM:PF04552.16
contig_16	35141	35395	-	CFLALH_16290	9.2	9.2		SO:0001217, UniParc:UPI000505A52C, UniRef:UniRef100_A0A6M6DUQ7, UniRef:UniRef50_A0A6M6DUQ7, UniRef:UniRef90_A0A6M6DUQ7
contig_16	40421	40558	+	CFLALH_16310	5.3	10.9		SO:0001217, UniRef:UniRef50_A0A1I2XIS1, UniRef:UniRef90_A0A1I2XIS1
contig_16	84074	84592	+	CFLALH_16565	19.5	5.9		RefSeq:WP_047931098.1, SO:0001217, UniParc:UPI00064C7A47, UniRef:UniRef100_A0A6M6DS96, UniRef:UniRef50_D5DLZ8, UniRef:UniRef90_D5DLZ8
contig_16	92392	92583	-	CFLALH_16605	6.8	4.8		RefSeq:WP_016765809.1, SO:0001217, UniParc:UPI0003476F98, UniRef:UniRef100_A0A1I2XKY0, UniRef:UniRef50_A0A2B0MR84, UniRef:UniRef90_D5DLZ0
contig_16	93413	93781	-	CFLALH_16615	14.0	9.5		RefSeq:WP_016765807.1, SO:0001217, UniParc:UPI00035C40DA, UniRef:UniRef100_A0A6M6DNW7, UniRef:UniRef50_A0A8D4BH17, UniRef:UniRef90_A0A8D4BH17
contig_16	95737	95934	+	CFLALH_16635	7.7	7.9		RefSeq:WP_034648533.1, SO:0001217, UniParc:UPI00050377A9, UniRef:UniRef100_A0A0B6ANL2, UniRef:UniRef50_A0A248TK19, UniRef:UniRef90_A0A0B6ANL2
contig_16	108876	109124	+	CFLALH_16715	9.4	9.4		RefSeq:WP_100229246.1, SO:0001217, UniParc:UPI000500B3CE, UniRef:UniRef100_A0A6M6DNY4, UniRef:UniRef50_A0A7W3NEJ4, UniRef:UniRef90_A0A7W3NEJ4
contig_16	111098	111502	+	CFLALH_16725	15.1	4.4	PF08868.13|YugN	PFAM:PF08868.13, RefSeq:WP_016765797.1, SO:0001217, UniParc:UPI00034A65D2, UniRef:UniRef100_A0A2A8SQE3, UniRef:UniRef50_A0A3A1R8K2, UniRef:UniRef90_D5DLW7
contig_17	5378	5605	+	CFLALH_16825	8.9	6.7		RefSeq:WP_047932026.1, SO:0001217, UniParc:UPI00064CBE65, UniRef:UniRef100_A0A6M6DQZ3, UniRef:UniRef50_A0A0B6ASX1, UniRef:UniRef90_A0A0B6ASX1
contig_17	9155	10051	-	CFLALH_16860	34.0	5.8		RefSeq:WP_047932028.1, SO:0001217, UniParc:UPI00064C602E, UniRef:UniRef100_A0A6M6DYW5, UniRef:UniRef50_A0A0B6AS51, UniRef:UniRef90_A0A0B6AS51
contig_17	11359	11589	-	CFLALH_16880	8.3	9.2		RefSeq:WP_016764326.1, SO:0001217, UniParc:UPI00034CF66B, UniRef:UniRef100_A0A6M6DRW8, UniRef:UniRef50_D5DG05, UniRef:UniRef90_D5DG05
contig_17	17147	17599	+	CFLALH_16910	16.4	5.7		SO:0001217, UniParc:UPI000349932B, UniRef:UniRef100_A0A0B6AXF3, UniRef:UniRef50_D5DTE1, UniRef:UniRef90_D5DTE1
contig_17	17605	17724	+	CFLALH_16915	4.4	5.9		SO:0001217, UniParc:UPI0001D0550B, UniRef:UniRef100_A0A1I2XYV3, UniRef:UniRef50_A0A0C2RTZ6, UniRef:UniRef90_A0A1I2XYV3
contig_17	21507	21905	+	CFLALH_16930	15.1	7.8		RefSeq:WP_013057259.1, SO:0001217, UniParc:UPI0001D05487, UniRef:UniRef100_A0A120EHF5, UniRef:UniRef50_A0A120EHF5, UniRef:UniRef90_A0A120EHF5
contig_17	28325	28828	-	CFLALH_16975	18.7	6.4		RefSeq:WP_233335206.1, SO:0001217, UniParc:UPI000A697F9F, UniRef:UniRef100_UPI000A697F9F, UniRef:UniRef50_D5DFY6, UniRef:UniRef90_D5DFY6
contig_17	42206	42574	+	CFLALH_17050	14.4	9.2		RefSeq:WP_047932039.1, SO:0001217, UniParc:UPI00064CC1DA, UniRef:UniRef100_UPI00064CC1DA, UniRef:UniRef50_A0A2A9XZD4, UniRef:UniRef50_D5DET9, UniRef:UniRef90_A0A2A9XZD4, UniRef:UniRef90_D5DET9
contig_17	50465	51397	+	CFLALH_17085	35.1	5.3		RefSeq:WP_013083349.1, SO:0001217, UniParc:UPI0001D103D4, UniRef:UniRef100_A0A1I2XXB8, UniRef:UniRef50_A0A0L1M2C4, UniRef:UniRef90_A0A0L1M2C4
contig_17	51445	52638	+	CFLALH_17090	46.3	5.1		RefSeq:WP_047932043.1, SO:0001217, UniParc:UPI00064CA671, UniRef:UniRef100_UPI00064CA671, UniRef:UniRef50_A0A2B1SMX2, UniRef:UniRef90_A0A2B1SMX2
contig_17	55132	55566	+	CFLALH_17110	16.9	6.9		RefSeq:WP_013083346.1, SO:0001217, UniParc:UPI0001D103D1, UniRef:UniRef100_A0A120EHG5, UniRef:UniRef50_A0A120EHG5, UniRef:UniRef90_A0A120EHG5
contig_17	57440	57949	+	CFLALH_17125	19.4	9.7		SO:0001217, UniRef:UniRef50_A0A0L1M1T7, UniRef:UniRef90_A0A1Q8TYP7
contig_17	60915	61409	-	CFLALH_17145	18.8	9.1		RefSeq:WP_016764291.1, SO:0001217, UniParc:UPI0003716D10, UniRef:UniRef100_A0A6M6DR27, UniRef:UniRef50_A0A0B6AES5, UniRef:UniRef90_A0A0B6AES5
contig_17	65455	65940	+	CFLALH_17175	19.0	9.6		RefSeq:WP_013057211.1, SO:0001217, UniParc:UPI0001D053D8, UniRef:UniRef100_A0A120EHG4, UniRef:UniRef50_A0A120EHG4, UniRef:UniRef90_A0A120EHG4
contig_17	67457	67684	+	CFLALH_17185	8.9	6.0		RefSeq:WP_047932052.1, SO:0001217, UniParc:UPI00064C6F10, UniRef:UniRef100_UPI00064C6F10, UniRef:UniRef50_A0A3D8X8T3, UniRef:UniRef90_A0A897H564
contig_17	67822	68103	+	CFLALH_17190	11.3	9.0		RefSeq:WP_034651696.1, SO:0001217, UniParc:UPI0005077D0E, UniRef:UniRef100_A0A6M6DRJ3, UniRef:UniRef50_A0A0L1LP90, UniRef:UniRef90_A0A0L1LP90
contig_17	68209	68370	+	CFLALH_17195	6.2	10.5		RefSeq:WP_233335212.1, SO:0001217, UniParc:UPI000B2C9C97, UniRef:UniRef100_UPI000B2C9C97, UniRef:UniRef50_A0A1N6VB26, UniRef:UniRef90_UPI000B2C9C97
contig_17	68367	68666	+	CFLALH_17200	11.9	9.0		SO:0001217, UniRef:UniRef50_UPI001F2CC118, UniRef:UniRef90_UPI001F2CC118
contig_17	76031	76315	-	CFLALH_17240	11.7	9.6		RefSeq:WP_013083325.1, SO:0001217, UniParc:UPI0001D102D0, UniRef:UniRef100_A0A1Q8TYM7, UniRef:UniRef50_A0A2C1HBX3, UniRef:UniRef90_A0A2S1F542
contig_17	76412	76750	-	CFLALH_17245	13.3	5.7		RefSeq:WP_013083324.1, SO:0001217, UniParc:UPI0001D102CF, UniRef:UniRef100_A0A1Q8TYM9, UniRef:UniRef50_A0A1N6VAP9, UniRef:UniRef90_A0A0L1LP54
contig_17	90964	91347	+	CFLALH_17305	14.5	10.2		RefSeq:WP_233335213.1, SO:0001217, UniParc:UPI000AB71C45, UniRef:UniRef100_UPI000AB71C45, UniRef:UniRef50_UPI001167876F, UniRef:UniRef90_UPI000AB71C45
contig_17	91618	91854	-	CFLALH_17310	9.2	5.0		RefSeq:WP_047932065.1, SO:0001217, UniParc:UPI00064CDB74, UniRef:UniRef100_UPI00064CDB74, UniRef:UniRef50_A0A6M6DQU4, UniRef:UniRef90_A0A6M6DQU4
contig_17	95660	95899	-	CFLALH_17340	9.1	5.4		RefSeq:WP_034651763.1, SO:0001217, UniParc:UPI000503A036, UniRef:UniRef100_A0A6M6DX88, UniRef:UniRef50_A0A0B6AVZ9, UniRef:UniRef90_A0A1Q8TPP5
contig_17	96214	96525	+	CFLALH_17345	12.3	7.9		RefSeq:WP_051975593.1, SO:0001217, UniParc:UPI000505FC23, UniRef:UniRef100_A0A0B6AL88, UniRef:UniRef50_D5E492, UniRef:UniRef90_A0A0B6AL88
contig_17	98356	98838	-	CFLALH_17355	19.3	9.4		RefSeq:WP_034651768.1, SO:0001217, UniParc:UPI000501D307, UniRef:UniRef100_A0A6M6DR61, UniRef:UniRef50_A0A1Q8TPT1, UniRef:UniRef90_A0A1Q8TPT1
contig_18	1978	2247	-	CFLALH_17370	10.2	4.7		RefSeq:WP_013083053.1, SO:0001217, UniParc:UPI0001D0FB02, UniRef:UniRef100_A0A1I2WB91, UniRef:UniRef50_A0A2T7JX39, UniRef:UniRef90_A0A0L1M850
contig_18	10363	10599	-	CFLALH_17400	9.2	6.4		RefSeq:WP_013056931.1, SO:0001217, UniParc:UPI0001D04621, UniRef:UniRef100_A0A109GC42, UniRef:UniRef50_A0A109GC42, UniRef:UniRef90_A0A109GC42
contig_18	10699	11142	-	CFLALH_17405	17.2	4.9		RefSeq:WP_047932118.1, SO:0001217, UniParc:UPI00064C60D5, UniRef:UniRef100_UPI00064C60D5, UniRef:UniRef50_D5DE79, UniRef:UniRef90_D5DE79
contig_18	14160	14288	+	CFLALH_17425	4.8	4.4		SO:0001217, UniParc:UPI0001D0FAF9, UniRef:UniRef100_D5DE75, UniRef:UniRef50_D5DE75, UniRef:UniRef90_D5DE75
contig_18	33308	33466	-	CFLALH_17510	6.1	10.4		SO:0001217, UniParc:UPI0005011780, UniRef:UniRef100_A0A0B6AX24, UniRef:UniRef50_A0A0B6AX24, UniRef:UniRef90_A0A0B6AX24
contig_18	38931	39326	-	CFLALH_17545	15.5	9.2		RefSeq:WP_013056903.1, SO:0001217, UniParc:UPI0001D04605, UniRef:UniRef100_A0A1Q8UV31, UniRef:UniRef50_D5DFL1, UniRef:UniRef90_D5DFL1
contig_18	43695	43892	-	CFLALH_17580	7.4	4.6		RefSeq:WP_013083020.1, SO:0001217, UniParc:UPI0001D0F9F6, UniRef:UniRef100_A0A1Q8UV34, UniRef:UniRef50_A0A1Q8UV34, UniRef:UniRef90_A0A1I2WGQ4
contig_18	44213	44344	+	CFLALH_17585	4.6	9.2		SO:0001217, UniParc:UPI0005047560, UniRef:UniRef100_A0A1I2WBI3, UniRef:UniRef50_A0A1I2WBI3, UniRef:UniRef90_A0A1I2WBI3
contig_18	44826	45668	-	CFLALH_17595	31.8	5.3		RefSeq:WP_047931594.1, SO:0001217, UniParc:UPI00064CC864, UniRef:UniRef100_UPI00064CC864, UniRef:UniRef50_D5DFK4, UniRef:UniRef90_D5DFK4
contig_18	46106	46303	-	CFLALH_17600	7.0	9.6		RefSeq:WP_047931596.1, SO:0001217, UniParc:UPI00064C5C6E, UniRef:UniRef100_A0A6M6DSQ8, UniRef:UniRef50_A0A0L1M7Y3, UniRef:UniRef90_A0A0L1M7Y3
contig_18	55511	56167	+	CFLALH_17655	24.4	7.8		SO:0001217, UniRef:UniRef50_D5DFJ2, UniRef:UniRef90_D5DFJ2
contig_18	57245	57511	-	CFLALH_17665	9.8	11.5		RefSeq:WP_205689777.1, SO:0001217, UniParc:UPI00030DAFC1, UniRef:UniRef100_A0A806TGE2, UniRef:UniRef50_A0A0M0KTP8, UniRef:UniRef90_A0A109GC41
contig_18	63187	63381	+	CFLALH_17690	7.2	7.8		RefSeq:WP_034652505.1, SO:0001217, UniParc:UPI000507BAEC, UniRef:UniRef100_A0A1Q8UV99, UniRef:UniRef50_A0A0L1M7Q7, UniRef:UniRef90_A0A0L1M7Q7
contig_18	64834	65310	-	CFLALH_17705	18.0	8.6		RefSeq:WP_047931620.1, SO:0001217, UniParc:UPI00064CC8AA, UniRef:UniRef100_UPI00064CC8AA, UniRef:UniRef50_Q9ZF47, UniRef:UniRef90_Q9ZF47
contig_18	76657	77277	+	CFLALH_17755	23.4	9.5		RefSeq:WP_047931631.1, SO:0001217, UniParc:UPI00064C6695, UniRef:UniRef100_UPI00064C6695, UniRef:UniRef50_D5DR40, UniRef:UniRef90_A0A2C5HKW4
contig_18	82868	83374	+	CFLALH_17795	19.1	4.8		RefSeq:WP_034652527.1, SO:0001217, UniParc:UPI000506F08D, UniRef:UniRef100_A0A6M6E022, UniRef:UniRef50_A0A160IQL9, UniRef:UniRef90_A0A2B2YTY7
contig_18	93370	93552	-	CFLALH_17845	7.2	4.5		RefSeq:WP_013056847.1, SO:0001217, UniParc:UPI0001D04E16, UniRef:UniRef100_A0A1I2WEF6, UniRef:UniRef50_A0A1I2WEF6, UniRef:UniRef90_A0A1I2WEF6
contig_18	93718	93831	+	CFLALH_17850	4.2	9.7		SO:0001217, UniParc:UPI0002E6FE58, UniRef:UniRef100_A0A1I2WHD6, UniRef:UniRef50_A0A1N6WSW9, UniRef:UniRef90_A0A8D3X2R0
contig_19	13593	13772	-	CFLALH_17950	6.7	6.0		RefSeq:WP_013082801.1, SO:0001217, UniParc:UPI0001D0F43A, UniRef:UniRef100_A0A120EBA6, UniRef:UniRef50_A0A120EBA6, UniRef:UniRef90_A0A120EBA6
contig_19	16490	16918	+	CFLALH_17965	16.0	8.6		RefSeq:WP_047931921.1, SO:0001217, UniParc:UPI00064CA535, UniRef:UniRef100_A0A0L1M042, UniRef:UniRef50_D5DF77, UniRef:UniRef90_D5DF77
contig_19	30147	30236	-	CFLALH_18025	3.2	8.3		SO:0001217, UniParc:UPI000504D971, UniRef:UniRef100_A0A1I2WR87, UniRef:UniRef50_A0A1I2WR87, UniRef:UniRef90_A0A1I2WR87
contig_19	32790	34220	+	CFLALH_18045	56.2	8.1		RefSeq:WP_013082784.1, SO:0001217, UniParc:UPI0001D103CD, UniRef:UniRef100_A0A1Q8UVW8, UniRef:UniRef50_A0A0M0LBC4, UniRef:UniRef90_A0A0J5UQU8
contig_19	75146	75610	-	CFLALH_18205	18.3	10.0		RefSeq:WP_034652856.1, SO:0001217, UniParc:UPI0004FFC44A, UniRef:UniRef100_A0A6M6DSJ2, UniRef:UniRef50_A0A0M0KZH2, UniRef:UniRef90_A0A0L1LH93
contig_19	76315	76440	+	CFLALH_18215	4.7	9.6		SO:0001217, UniParc:UPI0001D04A4E, UniRef:UniRef100_A0A1I2WWK0, UniRef:UniRef50_A0A0A8WYZ1, UniRef:UniRef90_A0A1I2WWK0
contig_19	80274	80783	-	CFLALH_18240	19.8	4.8		RefSeq:WP_047931956.1, SO:0001217, UniParc:UPI00064CDAFA, UniRef:UniRef100_UPI00064CDAFA, UniRef:UniRef50_D5DPG1, UniRef:UniRef90_D5DPG1
contig_19	81274	81570	+	CFLALH_18245	11.5	5.7		RefSeq:WP_013082749.1, SO:0001217, UniParc:UPI0001D102B6, UniRef:UniRef100_A0A109FT43, UniRef:UniRef50_A0A2N0YZF8, UniRef:UniRef90_A0A109FT43
contig_19	83640	83780	+	CFLALH_18255	5.4	4.6		SO:0001217, UniRef:UniRef50_A0A0B6ANR5, UniRef:UniRef90_A0A0B6ANR5
contig_19	92293	92385	-	CFLALH_18295	3.7	6.1		
contig_19	93059	93334	-	CFLALH_18305	10.4	4.7		RefSeq:WP_047931961.1, SO:0001217, UniParc:UPI00064C55E4, UniRef:UniRef100_A0A6M6DZ32, UniRef:UniRef50_A0A6M6DZ32, UniRef:UniRef90_A0A6M6DZ32
contig_20	4798	4956	-	CFLALH_18335	6.0	5.7		RefSeq:WP_013057318.1, SO:0001217, UniParc:UPI0001D055C0, UniRef:UniRef100_A0A1I2Y276, UniRef:UniRef50_A0A4S4BT74, UniRef:UniRef90_A0A1I2Y276
contig_20	9508	9885	-	CFLALH_18355	14.7	5.3		RefSeq:WP_016764375.1, SO:0001217, UniParc:UPI0003484A21, UniRef:UniRef100_A0A1Q8TYY2, UniRef:UniRef50_D5DG56, UniRef:UniRef90_D5DG56
contig_20	9900	11057	-	CFLALH_18360	42.4	5.2		RefSeq:WP_047931510.1, SO:0001217, UniParc:UPI00064CBF44, UniRef:UniRef100_A0A6M6DR93, UniRef:UniRef50_D5DG57, UniRef:UniRef90_D5DG57
contig_20	12855	13271	-	CFLALH_18375	16.2	7.9		RefSeq:WP_013057326.1, SO:0001217, UniParc:UPI0001D055C8, UniRef:UniRef100_A0A109FZA4, UniRef:UniRef50_A0A089M1Z2, UniRef:UniRef90_A0A109FZA4
contig_20	25892	26173	-	CFLALH_18445	11.0	5.2		RefSeq:WP_034651511.1, SO:0001217, UniParc:UPI0005029ACC, UniRef:UniRef100_A0A6M6DV57, UniRef:UniRef50_A0A1Q8TZ08, UniRef:UniRef90_A0A1Q8TZ08
contig_20	43246	43368	-	CFLALH_18525	4.0	10.0		SO:0001217, UniParc:UPI0001D05659, UniRef:UniRef100_A0A1I2Y5L3, UniRef:UniRef50_A0A1I2Y5L3, UniRef:UniRef90_A0A1I2Y5L3
contig_20	43667	44197	+	CFLALH_18530	19.6	9.9	PF16800.8|Endopep_inhib	PFAM:PF16800.8, RefSeq:WP_026106610.1, SO:0001217, UniParc:UPI000475EA93, UniRef:UniRef100_A0A4V5MH49, UniRef:UniRef50_D5DG91, UniRef:UniRef90_D5DG91
contig_20	56614	57108	-	CFLALH_18600	19.2	4.3		RefSeq:WP_233335196.1, SO:0001217, UniParc:UPI001E42D731, UniRef:UniRef100_UPI001E42D731, UniRef:UniRef50_A0A2C4Q2X1, UniRef:UniRef90_UPI00070FF207
contig_20	58925	59410	-	CFLALH_18620	19.0	4.7		RefSeq:WP_047931480.1, SO:0001217, UniParc:UPI00064CC450, UniRef:UniRef100_A0A6M6DV32, UniRef:UniRef50_A0A075JSL2, UniRef:UniRef90_A0A6M6DV32
contig_20	61425	62384	-	CFLALH_18635	34.7	9.7		RefSeq:WP_233335194.1, SO:0001217, UniParc:UPI000A99A585, UniRef:UniRef100_UPI000A99A585, UniRef:UniRef50_UPI000A99A585, UniRef:UniRef90_UPI000A99A585
contig_20	72225	72383	+	CFLALH_18685	6.0	5.0		RefSeq:WP_162837676.1, SO:0001217, UniParc:UPI0004FF8490, UniRef:UniRef100_A0A0B6ANT7, UniRef:UniRef50_A0A0B6ANT7, UniRef:UniRef90_A0A0B6ANT7
contig_20	85969	86079	-	CFLALH_18745	4.2	12.0		SO:0001217, UniParc:UPI0005037E9A, UniRef:UniRef100_A0A1I2Y7D4, UniRef:UniRef50_A0A1I2Y7D4, UniRef:UniRef50_A0A8D3X0E3, UniRef:UniRef90_A0A1I2Y7D4, UniRef:UniRef90_A0A8D3X0E3
contig_21	5897	6019	-	CFLALH_18800	4.6	5.0		
contig_21	44640	45536	-	CFLALH_18955	34.1	8.9		RefSeq:WP_233335041.1, SO:0001217, UniParc:UPI001E31A29E, UniRef:UniRef100_UPI001E31A29E, UniRef:UniRef50_UPI001E31A29E, UniRef:UniRef90_UPI001E31A29E
contig_21	76886	77146	-	CFLALH_19090	10.3	10.4		RefSeq:WP_047931727.1, SO:0001217, UniParc:UPI00064C838C, UniRef:UniRef100_UPI00064C838C, UniRef:UniRef50_D5DY34, UniRef:UniRef90_D5DY34
contig_22	1553	2020	+	CFLALH_19135	18.7	9.5		RefSeq:WP_047931359.1, SO:0001217, UniParc:UPI00064C8B7A, UniRef:UniRef100_A0A6M6DPS1, UniRef:UniRef50_D5DIP3, UniRef:UniRef90_D5DIP3
contig_22	6183	6428	-	CFLALH_19155	9.4	8.7		RefSeq:WP_029323294.1, SO:0001217, UniParc:UPI000317A91B, UniRef:UniRef100_A0A1Q8TXU0, UniRef:UniRef50_A0A1N6ZKV8, UniRef:UniRef90_A0A0B6AEY4
contig_22	9901	10830	-	CFLALH_19175	35.9	6.0		RefSeq:WP_047931354.1, SO:0001217, UniParc:UPI00064CA645, UniRef:UniRef100_UPI00064CA645, UniRef:UniRef50_A0A0B6AS45, UniRef:UniRef90_A0A0B6AS45
contig_22	12552	12761	-	CFLALH_19190	7.5	5.2		RefSeq:WP_047931352.1, SO:0001217, UniParc:UPI00064C9512, UniRef:UniRef100_UPI00064C9512, UniRef:UniRef50_D5DIQ3, UniRef:UniRef90_D5DIQ3
contig_22	16618	16848	+	CFLALH_19220	9.0	8.8		RefSeq:WP_047931346.1, SO:0001217, UniParc:UPI00064C883C, UniRef:UniRef100_A0A6M6DW59, UniRef:UniRef50_A0A1S2C4H6, UniRef:UniRef90_A0A1S2C4H6
contig_22	19209	19349	+	CFLALH_19240	5.1	9.4		RefSeq:WP_013058226.1, SO:0001217, UniParc:UPI0001D04EEC, UniRef:UniRef100_A0A1I2VH99, UniRef:UniRef50_A0A0A8JNK5, UniRef:UniRef90_A0A1I2VH99
contig_22	19880	20044	-	CFLALH_19250	5.5	10.1		RefSeq:WP_013084226.1, SO:0001217, UniParc:UPI0001D0F93E, UniRef:UniRef100_A0A1I2VB67, UniRef:UniRef50_A0A1Q8TXP6, UniRef:UniRef90_A0A1Q8TXP6
contig_22	25110	25361	-	CFLALH_19275	9.7	5.7		RefSeq:WP_034650120.1, SO:0001217, UniParc:UPI000504B21A, UniRef:UniRef100_A0A6M6DW50, UniRef:UniRef50_D5DIR7, UniRef:UniRef90_D5DIR7
contig_22	33829	34206	-	CFLALH_19310	15.0	9.3		RefSeq:WP_013084238.1, SO:0001217, UniParc:UPI0001D0F94A, UniRef:UniRef100_A0A6M6DNU4, UniRef:UniRef50_A0A1I2VI28, UniRef:UniRef90_A0A1I2VI28
contig_22	52338	52598	-	CFLALH_19465	10.1	5.0		RefSeq:WP_047931329.1, SO:0001217, UniParc:UPI00064CD6A0, UniRef:UniRef100_UPI00064CD6A0, UniRef:UniRef50_D5DK06, UniRef:UniRef90_D5DK06
contig_22	52955	53110	+	CFLALH_19470	5.9	10.1		RefSeq:WP_013058266.1, SO:0001217, UniParc:UPI0001D04F8B, UniRef:UniRef100_A0A7W3RCU3, UniRef:UniRef50_N0AUA5, UniRef:UniRef90_A0A1I2VDI6
contig_22	61661	61888	-	CFLALH_19505	8.7	4.8		RefSeq:WP_034650034.1, SO:0001217, UniParc:UPI000505567B, UniRef:UniRef100_A0A0B6AMM4, UniRef:UniRef50_D5DK35, UniRef:UniRef90_A0A0B6AMM4
contig_22	62400	62588	+	CFLALH_19510	7.3	5.4		RefSeq:WP_014458940.1, SO:0001217, UniParc:UPI000229B36C, UniRef:UniRef100_A0A109GH76, UniRef:UniRef50_D5DK36, UniRef:UniRef90_D5DK36
contig_23	752	1099	+	CFLALH_19615	13.4	9.1		RefSeq:WP_047931420.1, SO:0001217, UniParc:UPI00064C673F, UniRef:UniRef100_UPI00064C673F, UniRef:UniRef50_A0A0L1MBJ9, UniRef:UniRef90_A0A0L1LVK4
contig_23	1148	1354	+	CFLALH_19620	8.2	5.0		RefSeq:WP_016766132.1, SO:0001217, UniParc:UPI00034A491F, UniRef:UniRef100_A0A125PLS5, UniRef:UniRef50_A0A0B6B085, UniRef:UniRef90_A0A125PLS5
contig_23	1721	1999	+	CFLALH_19630	10.8	7.9		RefSeq:WP_013083544.1, SO:0001217, UniParc:UPI0001D0F80E, UniRef:UniRef100_A0A1I2YBC5, UniRef:UniRef50_A0A2B2AG60, UniRef:UniRef90_A0A0L1LUV5
contig_23	29667	30149	+	CFLALH_19780	17.8	9.2		RefSeq:WP_047931440.1, SO:0001217, UniParc:UPI00064CA46A, UniRef:UniRef100_UPI00064CA46A, UniRef:UniRef50_A0A0B6AMX7, UniRef:UniRef90_A0A0B6AMX7
contig_23	34536	36248	+	CFLALH_19805	65.8	6.3		RefSeq:WP_047931444.1, SO:0001217, UniParc:UPI00064C55C2, UniRef:UniRef100_UPI00064C55C2, UniRef:UniRef50_A0A1Q8TZC2, UniRef:UniRef90_A0A6M6DQN1
contig_23	36459	37127	+	CFLALH_19810	25.9	9.1		RefSeq:WP_047931445.1, SO:0001217, UniParc:UPI00064CB9D9, UniRef:UniRef100_UPI00064CB9D9, UniRef:UniRef50_A0A0B6ABV3, UniRef:UniRef90_A0A1S2C5X1
contig_23	43498	44001	-	CFLALH_19830	19.0	7.8	PF20251.1|Big_14	PFAM:PF20251.1, RefSeq:WP_205661360.1, SO:0001217, UniParc:UPI00196AE426, UniRef:UniRef100_UPI00196AE426, UniRef:UniRef50_D5DHK0, UniRef:UniRef90_D5DHK0
contig_23	44108	44287	+	CFLALH_19835	6.5	6.0	PF03575.20|Peptidase_S51	PFAM:PF03575.20
contig_23	44802	45386	+	CFLALH_19845	22.8	7.1		RefSeq:WP_047931450.1, SO:0001217, UniParc:UPI00064CA776, UniRef:UniRef100_A0A6M6DYE2, UniRef:UniRef50_A0A516KIJ6, UniRef:UniRef90_A0A0B6A9U1
contig_23	45451	45684	+	CFLALH_19850	9.2	4.4		RefSeq:WP_013057425.1, SO:0001217, UniParc:UPI0001D05780, UniRef:UniRef100_A0A1I2Y995, UniRef:UniRef50_A0A109GC42, UniRef:UniRef90_A0A1I2Y995
contig_23	57597	57794	+	CFLALH_19910	7.7	4.7		RefSeq:WP_013057412.1, SO:0001217, UniParc:UPI0001D05704, UniRef:UniRef100_A0A109G272, UniRef:UniRef50_A0A1N7AFV2, UniRef:UniRef90_A0A1I2Y8S8
contig_23	57938	58210	+	CFLALH_19915	10.8	5.9		RefSeq:WP_013083497.1, SO:0001217, UniParc:UPI0001D0F70F, UniRef:UniRef100_A0A1Q8TZ71, UniRef:UniRef50_A0A0B6A9Q7, UniRef:UniRef90_A0A0B6A9Q7
contig_23	58240	58476	-	CFLALH_19920	9.0	8.9		RefSeq:WP_047931461.1, SO:0001217, UniParc:UPI00064CB306, UniRef:UniRef100_UPI00064CB306, UniRef:UniRef50_A0A1Q8TZ45, UniRef:UniRef90_A0A1Q8TZ45
contig_23	58585	58725	+	CFLALH_19925	5.3	9.8		SO:0001217, UniRef:UniRef50_A0A1I2Y7S4, UniRef:UniRef90_A0A1I2Y7S4
contig_24	58549	58773	+	CFLALH_20315	8.8	7.8		RefSeq:WP_235860925.1, SO:0001217, UniParc:UPI000344AF7C, UniRef:UniRef100_A0A0B6ABA9, UniRef:UniRef50_A0A0B6ABA9, UniRef:UniRef90_A0A0B6ABA9
contig_25	10871	11077	-	CFLALH_20350	7.5	10.4		RefSeq:WP_013055999.1, SO:0001217, UniParc:UPI0001D04B02, UniRef:UniRef100_A0A109G139, UniRef:UniRef50_A0A109G139, UniRef:UniRef90_A0A109G139
contig_25	11126	11389	-	CFLALH_20355	10.2	5.5		RefSeq:WP_013055998.1, SO:0001217, UniParc:UPI0001D04B01, UniRef:UniRef100_A0A109G0M4, UniRef:UniRef50_D5DBM0, UniRef:UniRef90_D5DBM0
contig_25	13673	13960	-	CFLALH_20370	10.4	9.6		RefSeq:WP_013055995.1, SO:0001217, UniParc:UPI0001D04AFE, UniRef:UniRef100_A0A120EDU9, UniRef:UniRef50_A0A7Y5AY09, UniRef:UniRef90_D5DBL7
contig_25	16053	16379	-	CFLALH_20385	12.6	4.2		RefSeq:WP_013082248.1, SO:0001217, UniParc:UPI0001D0F4F9, UniRef:UniRef100_A0A120EDU5, UniRef:UniRef50_A0A0M0LHH9, UniRef:UniRef90_A0A120EDU5
contig_25	16527	16721	-	CFLALH_20390	7.4	6.6		RefSeq:WP_013055990.1, SO:0001217, UniParc:UPI0001D04AF9, UniRef:UniRef100_A0A109G0M2, UniRef:UniRef50_C5D7Y7, UniRef:UniRef90_D5DBL3
contig_25	18393	18626	+	CFLALH_20405	8.5	4.3		RefSeq:WP_016763399.1, SO:0001217, UniParc:UPI000348AE84, UniRef:UniRef100_A0A6M6DUC0, UniRef:UniRef50_D5DD22, UniRef:UniRef90_D5DD22
contig_25	23347	23583	-	CFLALH_20440	9.3	9.6		RefSeq:WP_047931148.1, SO:0001217, UniParc:UPI00064CD6FA, UniRef:UniRef100_UPI00064CD6FA, UniRef:UniRef50_A0A0L1M4J3, UniRef:UniRef90_A0A0L1M4J3
contig_26	2905	2994	-	CFLALH_20555	3.3	4.1		SO:0001217, UniParc:UPI00036D510B, UniRef:UniRef100_D5DCU8, UniRef:UniRef50_D5DZ70, UniRef:UniRef90_D5DZ70
contig_26	3205	3447	-	CFLALH_20560	9.0	6.4		RefSeq:WP_013082177.1, SO:0001217, UniParc:UPI0001D10396, UniRef:UniRef100_A0A1Q8US86, UniRef:UniRef50_D5DZ69, UniRef:UniRef90_A0A0L1MC45, UniRef:UniRef90_D5DZ69
contig_26	12893	13093	+	CFLALH_20620	7.9	8.1		RefSeq:WP_013082164.1, SO:0001217, UniParc:UPI0001D1028D, UniRef:UniRef100_A0A1Q8USA0, UniRef:UniRef50_A0A2S1F1M4, UniRef:UniRef90_A0A2S1F1M4
contig_26	20820	21137	-	CFLALH_20660	12.2	5.3		RefSeq:WP_233335069.1, SO:0001217, UniParc:UPI001E5E915C, UniRef:UniRef100_UPI001E5E915C, UniRef:UniRef50_A0A0B6AK61, UniRef:UniRef90_A0A0B6AK61
contig_26	44171	44497	+	CFLALH_20765	12.6	7.8	PF20274.1|cREC_REC	PFAM:PF20274.1, RefSeq:WP_014461165.1, SO:0001217, UniParc:UPI000229A2FA, UniRef:UniRef100_A0A1I2SP39, UniRef:UniRef50_U5LHG0, UniRef:UniRef90_A0A0B6AMQ7
contig_27	3199	3495	-	CFLALH_20785	11.8	8.0		RefSeq:WP_233335121.1, SO:0001217, UniParc:UPI001E560906, UniRef:UniRef100_UPI001E560906, UniRef:UniRef50_A0A2C0KK40, UniRef:UniRef90_A0A2C0KK40
contig_27	10695	11051	+	CFLALH_20830	13.7	9.8		RefSeq:WP_047932077.1, SO:0001217, UniParc:UPI00064C5FE4, UniRef:UniRef100_A0A6M6DZN9, UniRef:UniRef50_D5DEF6, UniRef:UniRef90_D5DEF6
contig_27	13002	13691	-	CFLALH_20850	26.1	4.5		RefSeq:WP_034652166.1, SO:0001217, UniParc:UPI000502C518, UniRef:UniRef100_A0A6M6DRS2, UniRef:UniRef50_A0A6M6DRS2, UniRef:UniRef90_A0A6M6DRS2
contig_27	13732	13884	-	CFLALH_20855	5.7	4.7		RefSeq:WP_160309923.1, SO:0001217, UniParc:UPI000AED6122, UniRef:UniRef100_UPI000AED6122, UniRef:UniRef50_A0A0B6AUT0, UniRef:UniRef90_A0A0B6AUT0
contig_27	14416	14673	-	CFLALH_20860	10.0	5.6		RefSeq:WP_016764068.1, SO:0001217, UniParc:UPI000347CCA7, UniRef:UniRef100_A0A6M6DSN5, UniRef:UniRef50_D5DDJ8, UniRef:UniRef90_A0A1S2C7T1
contig_27	14878	15105	-	CFLALH_20865	8.6	9.0		SO:0001217, UniParc:UPI0005059881, UniRef:UniRef100_A0A0B6AXN2, UniRef:UniRef50_A0A0B6ANM4, UniRef:UniRef90_A0A0B6AXN2
contig_27	16500	16775	+	CFLALH_20875	10.3	9.8		RefSeq:WP_025752355.1, SO:0001217, UniParc:UPI0004280185, UniRef:UniRef100_A0A269VUD3, UniRef:UniRef50_D5DEE5, UniRef:UniRef90_D5DEE5
contig_27	31791	32411	-	CFLALH_20945	24.0	5.2		RefSeq:WP_047932088.1, SO:0001217, UniParc:UPI00064C7172, UniRef:UniRef100_A0A6M6DZR7, UniRef:UniRef50_D5DED1, UniRef:UniRef90_D5DED1
contig_27	38748	38855	-	CFLALH_20980	4.1	11.0		SO:0001217, UniParc:UPI000506B5E6, UniRef:UniRef100_D5DRU0, UniRef:UniRef50_D5DRU0, UniRef:UniRef90_D5DRU0
contig_28	3812	4255	+	CFLALH_21060	17.2	7.7		RefSeq:WP_013083930.1, SO:0001217, UniParc:UPI0001D102FE, UniRef:UniRef100_A0A1Q8UP17, UniRef:UniRef50_A0A1N6QS97, UniRef:UniRef90_A0A2B0QF20
contig_28	11172	11399	+	CFLALH_21110	8.7	4.8		RefSeq:WP_233334986.1, SO:0001217, UniParc:UPI000AA4B485, UniRef:UniRef100_UPI000AA4B485, UniRef:UniRef50_UPI000AA4B485, UniRef:UniRef90_UPI000AA4B485
contig_28	11637	13124	-	CFLALH_21115	58.2	5.9		RefSeq:WP_034650606.1, SO:0001217, UniParc:UPI000504D64E, UniRef:UniRef100_A0A6M6DPF2, UniRef:UniRef50_D5DI75, UniRef:UniRef90_D5DI75
contig_28	13217	13393	-	CFLALH_21120	6.8	10.4		RefSeq:WP_016764823.1, SO:0001217, UniParc:UPI00036DDAA5, UniRef:UniRef100_A0A1I2URQ4, UniRef:UniRef50_A0A1N6QTT3, UniRef:UniRef90_A0A8D3WYB2
contig_28	14297	14545	+	CFLALH_21130	9.0	9.6		RefSeq:WP_034650601.1, SO:0001217, UniParc:UPI0004FFD289, UniRef:UniRef100_A0A6M6DVH0, UniRef:UniRef50_D5DI77, UniRef:UniRef90_D5DI77
contig_28	16054	16308	+	CFLALH_21140	10.0	5.1		RefSeq:WP_016764827.1, SO:0001217, UniParc:UPI0003604941, UniRef:UniRef100_A0A6M6DX41, UniRef:UniRef50_A0A0L1LI43, UniRef:UniRef90_A0A0L1LI43
contig_28	24343	24597	+	CFLALH_21180	9.9	5.9		RefSeq:WP_013057893.1, SO:0001217, UniParc:UPI0001D05410, UniRef:UniRef100_A0A109G445, UniRef:UniRef50_A0A109G445, UniRef:UniRef90_A0A109G445
contig_28	24679	24843	-	CFLALH_21185	6.4	8.7		RefSeq:WP_013057894.1, SO:0001217, UniParc:UPI0001D05411, UniRef:UniRef100_A0A1I2USG0, UniRef:UniRef50_A0A1I2USG0, UniRef:UniRef90_A0A1I2USG0
contig_28	36837	36959	-	CFLALH_21260	4.2	6.7		
contig_30	13877	14413	-	CFLALH_21565	20.5	6.2		SO:0001217, UniRef:UniRef50_D5DA47, UniRef:UniRef90_D5DA47
contig_30	22075	22365	+	CFLALH_21600	10.4	10.4		RefSeq:WP_034654652.1, SO:0001217, UniParc:UPI000506C9C2, UniRef:UniRef100_A0A6M6E706, UniRef:UniRef50_D5DA40, UniRef:UniRef90_D5DA40
contig_30	24422	24610	+	CFLALH_21610	7.4	6.7		RefSeq:WP_034654651.1, SO:0001217, UniParc:UPI000306431F, UniRef:UniRef100_A0A1I3AIP1, UniRef:UniRef50_A0A0L1LRP9, UniRef:UniRef90_A0A0L1LRP9
contig_30	31312	31404	+	CFLALH_21640	3.3	10.4		SO:0001217, UniParc:UPI00035DE234, UniRef:UniRef100_A0A1I3AGT5, UniRef:UniRef50_M8D240, UniRef:UniRef90_A0A1I3AGT5
contig_31	17739	18149	-	CFLALH_21750	15.5	9.6		RefSeq:WP_047932649.1, SO:0001217, UniParc:UPI00064C82BB, UniRef:UniRef100_UPI00064C82BB, UniRef:UniRef50_D5DCG0, UniRef:UniRef90_D5DCG0
contig_31	24628	24936	-	CFLALH_21790	12.0	9.4		RefSeq:WP_013055618.1, SO:0001217, UniParc:UPI0001D04E6C, UniRef:UniRef100_A0A109GKH9, UniRef:UniRef50_A0A264YUI4, UniRef:UniRef90_A0A109GKH9
contig_31	27380	27865	-	CFLALH_21805	19.1	5.2		RefSeq:WP_013055615.1, SO:0001217, UniParc:UPI0001D04E69, UniRef:UniRef100_A0A1I2S9S4, UniRef:UniRef50_D5DCE8, UniRef:UniRef90_D5DCE8
contig_34	20050	20469	+	CFLALH_22220	16.0	5.0		RefSeq:WP_016764030.1, SO:0001217, UniParc:UPI00034DF5D6, UniRef:UniRef100_UPI00034DF5D6, UniRef:UniRef50_D5DEA0, UniRef:UniRef90_D5DEA0
contig_34	21263	21520	+	CFLALH_22230	10.2	9.4		RefSeq:WP_047932104.1, SO:0001217, UniParc:UPI00064CD2EB, UniRef:UniRef100_A0A6M6DXZ0, UniRef:UniRef50_A0A0L1M8R9, UniRef:UniRef90_A0A0L1M8R9
contig_34	22412	22663	+	CFLALH_22240	9.2	9.1		RefSeq:WP_047932106.1, SO:0001217, UniParc:UPI00064CA9D0, UniRef:UniRef100_UPI00064CA9D0, UniRef:UniRef50_Q65IK4, UniRef:UniRef90_D5DE96
contig_34	25097	25912	-	CFLALH_22250	31.0	9.6		RefSeq:WP_047932108.1, SO:0001217, UniParc:UPI00064C5DB1, UniRef:UniRef100_A0A6M6DRM3, UniRef:UniRef50_D5DE94, UniRef:UniRef90_D5DE94
contig_35	73	990	+	CFLALH_22280	32.3	7.7		
contig_35	1129	1263	+	CFLALH_22285	4.9	9.3		SO:0001217, UniParc:UPI0001D047F7, UniRef:UniRef100_A0A1I2W2L7, UniRef:UniRef50_A0A1I2W2L7, UniRef:UniRef90_A0A1I2W2L7
contig_35	5684	6157	-	CFLALH_22320	18.6	6.6		RefSeq:WP_013083145.1, SO:0001217, UniParc:UPI0001D0FE21, UniRef:UniRef100_A0A1I2W349, UniRef:UniRef50_A0A2C1H980, UniRef:UniRef90_A0A2C1H980
contig_35	25106	25372	-	CFLALH_22410	9.7	10.4		RefSeq:WP_013083129.1, SO:0001217, UniParc:UPI0001D0FD1F, UniRef:UniRef100_A0A1Q8UUT5, UniRef:UniRef50_A0A0J6Q186, UniRef:UniRef90_A0A0J6Q186
contig_35	26348	26596	-	CFLALH_22420	9.7	5.3		RefSeq:WP_047932330.1, SO:0001217, UniParc:UPI00064CA808, UniRef:UniRef100_A0A6M6E1S4, UniRef:UniRef50_A0A6M6E1S4, UniRef:UniRef90_A0A6M6E1S4
contig_36	24009	24212	-	CFLALH_22535	7.7	5.2		RefSeq:WP_233335073.1, SO:0001217, UniParc:UPI000ADF651D, UniRef:UniRef100_UPI000ADF651D, UniRef:UniRef50_A0A160MFU7, UniRef:UniRef90_A0A0L1MCH7
contig_37	3622	3921	-	CFLALH_22565	11.7	6.7		RefSeq:WP_016764349.1, SO:0001217, UniParc:UPI000364F97F, UniRef:UniRef100_A0A269VM53, UniRef:UniRef50_A0A269VM53, UniRef:UniRef90_A0A269VM53
contig_37	5815	6477	-	CFLALH_22580	24.7	6.8		RefSeq:WP_047934021.1, SO:0001217, UniParc:UPI00064C5CE7, UniRef:UniRef100_UPI00064C5CE7, UniRef:UniRef50_D5DG28, UniRef:UniRef90_D5DG28
contig_38	7015	7179	+	CFLALH_22700	6.2	5.0		RefSeq:WP_013082215.1, SO:0001217, UniParc:UPI0001D0F415, UniRef:UniRef100_A0A1I2SPQ5, UniRef:UniRef50_A0A897HH95, UniRef:UniRef90_A0A7W3NAU1
contig_38	18666	18839	-	CFLALH_22750	6.5	8.7		RefSeq:WP_013082205.1, SO:0001217, UniParc:UPI0001D0F40B, UniRef:UniRef100_A0A1I2SP58, UniRef:UniRef50_A0A897HBJ8, UniRef:UniRef90_A0A897HBJ8
contig_38	18842	19003	-	CFLALH_22755	5.7	9.8		RefSeq:WP_013055942.1, SO:0001217, UniParc:UPI0001D04A87, UniRef:UniRef100_A0A120EDT5, UniRef:UniRef50_C5D7G0, UniRef:UniRef90_A0A0L1M4P5
contig_42	13104	13778	+	CFLALH_23125	24.3	4.6		RefSeq:WP_047931130.1, SO:0001217, UniParc:UPI00064CA5A6, UniRef:UniRef100_UPI00064CA5A6, UniRef:UniRef50_A0A1I2XG58, UniRef:UniRef90_A0A1I2XG58
contig_43	8660	9238	-	CFLALH_23170	21.1	7.7		RefSeq:WP_047932346.1, SO:0001217, UniParc:UPI00064C6D0E, UniRef:UniRef100_A0A6M6DVD2, UniRef:UniRef50_D5DCD5, UniRef:UniRef90_D5DCD5
contig_45	41	835	+	CFLALH_23255	30.4	5.0	PF02781.19|G6PD_C	PFAM:PF02781.19
contig_45	8530	8649	+	CFLALH_23295	3.9	8.4		SO:0001217, UniParc:UPI0001D04B98, UniRef:UniRef100_A0A1I2WPK3, UniRef:UniRef50_A0A1N7BE34, UniRef:UniRef90_A0A1I2WPK3
contig_45	8685	8831	-	CFLALH_23300	5.3	9.8		RefSeq:WP_013056671.1, SO:0001217, UniParc:UPI0001D04B99, UniRef:UniRef100_A0A1I2WP67, UniRef:UniRef50_U5LFB1, UniRef:UniRef90_A0A1I2WP67
contig_46	4814	5041	+	CFLALH_23340	9.0	5.2		RefSeq:WP_016764806.1, SO:0001217, UniParc:UPI00034C38F8, UniRef:UniRef100_A0A1I2UPY1, UniRef:UniRef50_D5DI49, UniRef:UniRef90_D5DI49
contig_46	5760	6242	-	CFLALH_23350	19.2	5.2		RefSeq:WP_047932019.1, SO:0001217, UniParc:UPI00064CD779, UniRef:UniRef100_UPI00064CD779, UniRef:UniRef50_D5DI51, UniRef:UniRef90_D5DI51
contig_46	6341	6466	-	CFLALH_23355	4.7	10.0		SO:0001217, UniParc:UPI00034AF869, UniRef:UniRef100_A0A806TJ68, UniRef:UniRef50_D5DI52, UniRef:UniRef90_D5DI52
contig_49	241	351	-	CFLALH_23440	4.1	4.9		
contig_49	2570	2869	-	CFLALH_23455	11.4	10.3		RefSeq:WP_047934503.1, SO:0001217, UniParc:UPI00064CC5E0, UniRef:UniRef100_UPI00064CC5E0, UniRef:UniRef50_A0A2B8J065, UniRef:UniRef90_A0A1Q8TNA5
